This is pdfTeX, Version 3.141592653-2.6-1.40.25 (MiKTeX 24.1) (preloaded format=pdflatex 2025.11.30)  13 JUN 2026 17:51
entering extended mode
 restricted \write18 enabled.
 %&-line parsing enabled.
**./Thesis_book.tex
(Thesis_book.tex
LaTeX2e <2023-11-01> patch level 1
L3 programming layer <2024-01-04>
(C:\Users\Zyad\AppData\Local\Programs\MiKTeX\tex/latex/base\book.cls
Document Class: book 2023/05/17 v1.4n Standard LaTeX document class
(C:\Users\Zyad\AppData\Local\Programs\MiKTeX\tex/latex/base\bk12.clo
File: bk12.clo 2023/05/17 v1.4n Standard LaTeX file (size option)
)
\c@part=\count187
\c@chapter=\count188
\c@section=\count189
\c@subsection=\count190
\c@subsubsection=\count191
\c@paragraph=\count192
\c@subparagraph=\count193
\c@figure=\count194
\c@table=\count195
\abovecaptionskip=\skip48
\belowcaptionskip=\skip49
\bibindent=\dimen140
)
(preamble.tex
(C:\Users\Zyad\AppData\Local\Programs\MiKTeX\tex/latex/geometry\geometry.sty
Package: geometry 2020/01/02 v5.9 Page Geometry

(C:\Users\Zyad\AppData\Local\Programs\MiKTeX\tex/latex/graphics\keyval.sty
Package: keyval 2022/05/29 v1.15 key=value parser (DPC)
\KV@toks@=\toks17
)
(C:\Users\Zyad\AppData\Local\Programs\MiKTeX\tex/generic/iftex\ifvtex.sty
Package: ifvtex 2019/10/25 v1.7 ifvtex legacy package. Use iftex instead.

(C:\Users\Zyad\AppData\Local\Programs\MiKTeX\tex/generic/iftex\iftex.sty
Package: iftex 2022/02/03 v1.0f TeX engine tests
))
\Gm@cnth=\count196
\Gm@cntv=\count197
\c@Gm@tempcnt=\count198
\Gm@bindingoffset=\dimen141
\Gm@wd@mp=\dimen142
\Gm@odd@mp=\dimen143
\Gm@even@mp=\dimen144
\Gm@layoutwidth=\dimen145
\Gm@layoutheight=\dimen146
\Gm@layouthoffset=\dimen147
\Gm@layoutvoffset=\dimen148
\Gm@dimlist=\toks18

(C:\Users\Zyad\AppData\Local\Programs\MiKTeX\tex/latex/geometry\geometry.cfg))
(C:\Users\Zyad\AppData\Local\Programs\MiKTeX\tex/latex/graphics\graphicx.sty
Package: graphicx 2021/09/16 v1.2d Enhanced LaTeX Graphics (DPC,SPQR)

(C:\Users\Zyad\AppData\Local\Programs\MiKTeX\tex/latex/graphics\graphics.sty
Package: graphics 2022/03/10 v1.4e Standard LaTeX Graphics (DPC,SPQR)

(C:\Users\Zyad\AppData\Local\Programs\MiKTeX\tex/latex/graphics\trig.sty
Package: trig 2021/08/11 v1.11 sin cos tan (DPC)
)
(C:\Users\Zyad\AppData\Local\Programs\MiKTeX\tex/latex/graphics-cfg\graphics.cf
g
File: graphics.cfg 2016/06/04 v1.11 sample graphics configuration
)
Package graphics Info: Driver file: pdftex.def on input line 107.

(C:\Users\Zyad\AppData\Local\Programs\MiKTeX\tex/latex/graphics-def\pdftex.def
File: pdftex.def 2022/09/22 v1.2b Graphics/color driver for pdftex
))
\Gin@req@height=\dimen149
\Gin@req@width=\dimen150
) (C:\Users\Zyad\AppData\Local\Programs\MiKTeX\tex/latex/titlesec\titlesec.sty
Package: titlesec 2025/01/04 v2.17 Sectioning titles
\ttl@box=\box51
\beforetitleunit=\skip50
\aftertitleunit=\skip51
\ttl@plus=\dimen151
\ttl@minus=\dimen152
\ttl@toksa=\toks19
\titlewidth=\dimen153
\titlewidthlast=\dimen154
\titlewidthfirst=\dimen155
) (C:\Users\Zyad\AppData\Local\Programs\MiKTeX\tex/latex/tools\tabularx.sty
Package: tabularx 2023/07/08 v2.11c `tabularx' package (DPC)

(C:\Users\Zyad\AppData\Local\Programs\MiKTeX\tex/latex/tools\array.sty
Package: array 2023/10/16 v2.5g Tabular extension package (FMi)
\col@sep=\dimen156
\ar@mcellbox=\box52
\extrarowheight=\dimen157
\NC@list=\toks20
\extratabsurround=\skip52
\backup@length=\skip53
\ar@cellbox=\box53
)
\TX@col@width=\dimen158
\TX@old@table=\dimen159
\TX@old@col=\dimen160
\TX@target=\dimen161
\TX@delta=\dimen162
\TX@cols=\count199
\TX@ftn=\toks21
)
(C:\Users\Zyad\AppData\Local\Programs\MiKTeX\tex/latex/amsmath\amsmath.sty
Package: amsmath 2023/05/13 v2.17o AMS math features
\@mathmargin=\skip54

For additional information on amsmath, use the `?' option.
(C:\Users\Zyad\AppData\Local\Programs\MiKTeX\tex/latex/amsmath\amstext.sty
Package: amstext 2021/08/26 v2.01 AMS text

(C:\Users\Zyad\AppData\Local\Programs\MiKTeX\tex/latex/amsmath\amsgen.sty
File: amsgen.sty 1999/11/30 v2.0 generic functions
\@emptytoks=\toks22
\ex@=\dimen163
))
(C:\Users\Zyad\AppData\Local\Programs\MiKTeX\tex/latex/amsmath\amsbsy.sty
Package: amsbsy 1999/11/29 v1.2d Bold Symbols
\pmbraise@=\dimen164
)
(C:\Users\Zyad\AppData\Local\Programs\MiKTeX\tex/latex/amsmath\amsopn.sty
Package: amsopn 2022/04/08 v2.04 operator names
)
\inf@bad=\count266
LaTeX Info: Redefining \frac on input line 234.
\uproot@=\count267
\leftroot@=\count268
LaTeX Info: Redefining \overline on input line 399.
LaTeX Info: Redefining \colon on input line 410.
\classnum@=\count269
\DOTSCASE@=\count270
LaTeX Info: Redefining \ldots on input line 496.
LaTeX Info: Redefining \dots on input line 499.
LaTeX Info: Redefining \cdots on input line 620.
\Mathstrutbox@=\box54
\strutbox@=\box55
LaTeX Info: Redefining \big on input line 722.
LaTeX Info: Redefining \Big on input line 723.
LaTeX Info: Redefining \bigg on input line 724.
LaTeX Info: Redefining \Bigg on input line 725.
\big@size=\dimen165
LaTeX Font Info:    Redeclaring font encoding OML on input line 743.
LaTeX Font Info:    Redeclaring font encoding OMS on input line 744.
\macc@depth=\count271
LaTeX Info: Redefining \bmod on input line 905.
LaTeX Info: Redefining \pmod on input line 910.
LaTeX Info: Redefining \smash on input line 940.
LaTeX Info: Redefining \relbar on input line 970.
LaTeX Info: Redefining \Relbar on input line 971.
\c@MaxMatrixCols=\count272
\dotsspace@=\muskip16
\c@parentequation=\count273
\dspbrk@lvl=\count274
\tag@help=\toks23
\row@=\count275
\column@=\count276
\maxfields@=\count277
\andhelp@=\toks24
\eqnshift@=\dimen166
\alignsep@=\dimen167
\tagshift@=\dimen168
\tagwidth@=\dimen169
\totwidth@=\dimen170
\lineht@=\dimen171
\@envbody=\toks25
\multlinegap=\skip55
\multlinetaggap=\skip56
\mathdisplay@stack=\toks26
LaTeX Info: Redefining \[ on input line 2953.
LaTeX Info: Redefining \] on input line 2954.
)
(C:\Users\Zyad\AppData\Local\Programs\MiKTeX\tex/latex/amsfonts\amssymb.sty
Package: amssymb 2013/01/14 v3.01 AMS font symbols

(C:\Users\Zyad\AppData\Local\Programs\MiKTeX\tex/latex/amsfonts\amsfonts.sty
Package: amsfonts 2013/01/14 v3.01 Basic AMSFonts support
\symAMSa=\mathgroup4
\symAMSb=\mathgroup5
LaTeX Font Info:    Redeclaring math symbol \hbar on input line 98.
LaTeX Font Info:    Overwriting math alphabet `\mathfrak' in version `bold'
(Font)                  U/euf/m/n --> U/euf/b/n on input line 106.
))
(C:\Users\Zyad\AppData\Local\Programs\MiKTeX\tex/latex/ragged2e\ragged2e.sty
Package: ragged2e 2023/06/22 v3.6 ragged2e Package
\CenteringLeftskip=\skip57
\RaggedLeftLeftskip=\skip58
\RaggedRightLeftskip=\skip59
\CenteringRightskip=\skip60
\RaggedLeftRightskip=\skip61
\RaggedRightRightskip=\skip62
\CenteringParfillskip=\skip63
\RaggedLeftParfillskip=\skip64
\RaggedRightParfillskip=\skip65
\JustifyingParfillskip=\skip66
\CenteringParindent=\skip67
\RaggedLeftParindent=\skip68
\RaggedRightParindent=\skip69
\JustifyingParindent=\skip70
)
(C:\Users\Zyad\AppData\Local\Programs\MiKTeX\tex/latex/placeins\placeins.sty
Package: placeins 2005/04/18  v 2.2
)
(C:\Users\Zyad\AppData\Local\Programs\MiKTeX\tex/latex/microtype\microtype.sty
Package: microtype 2025/07/09 v3.2b Micro-typographical refinements (RS)

(C:\Users\Zyad\AppData\Local\Programs\MiKTeX\tex/latex/etoolbox\etoolbox.sty
Package: etoolbox 2020/10/05 v2.5k e-TeX tools for LaTeX (JAW)
\etb@tempcnta=\count278
)
\MT@toks=\toks27
\MT@tempbox=\box56
\MT@count=\count279
LaTeX Info: Redefining \noprotrusionifhmode on input line 1087.
LaTeX Info: Redefining \leftprotrusion on input line 1088.
\MT@prot@toks=\toks28
LaTeX Info: Redefining \rightprotrusion on input line 1107.
LaTeX Info: Redefining \textls on input line 1449.
\MT@outer@kern=\dimen172
LaTeX Info: Redefining \microtypecontext on input line 2053.
LaTeX Info: Redefining \textmicrotypecontext on input line 2070.
\MT@listname@count=\count280

(C:\Users\Zyad\AppData\Local\Programs\MiKTeX\tex/latex/microtype\microtype-pdft
ex.def
File: microtype-pdftex.def 2025/07/09 v3.2b Definitions specific to pdftex (RS)

LaTeX Info: Redefining \lsstyle on input line 944.
LaTeX Info: Redefining \lslig on input line 944.
\MT@outer@space=\skip71
)
Package microtype Info: Loading configuration file microtype.cfg.

(C:\Users\Zyad\AppData\Local\Programs\MiKTeX\tex/latex/microtype\microtype.cfg
File: microtype.cfg 2025/07/09 v3.2b microtype main configuration file (RS)
)
LaTeX Info: Redefining \microtypesetup on input line 3065.
) (C:\Users\Zyad\AppData\Local\Programs\MiKTeX\tex/latex/psnfss\helvet.sty
Package: helvet 2020/03/25 PSNFSS-v9.3 (WaS) 
)
(C:\Users\Zyad\AppData\Local\Programs\MiKTeX\tex/latex/base\fontenc.sty
Package: fontenc 2021/04/29 v2.0v Standard LaTeX package
)
(C:\Users\Zyad\AppData\Local\Programs\MiKTeX\tex/latex/fancyhdr\fancyhdr.sty
Package: fancyhdr 2025/02/07 v5.2 Extensive control of page headers and footers

\f@nch@headwidth=\skip72
\f@nch@offset@elh=\skip73
\f@nch@offset@erh=\skip74
\f@nch@offset@olh=\skip75
\f@nch@offset@orh=\skip76
\f@nch@offset@elf=\skip77
\f@nch@offset@erf=\skip78
\f@nch@offset@olf=\skip79
\f@nch@offset@orf=\skip80
\f@nch@height=\skip81
\f@nch@footalignment=\skip82
\f@nch@widthL=\skip83
\f@nch@widthC=\skip84
\f@nch@widthR=\skip85
\@temptokenb=\toks29
)
(C:\Users\Zyad\AppData\Local\Programs\MiKTeX\tex/latex/xcolor\xcolor.sty
Package: xcolor 2023/11/15 v3.01 LaTeX color extensions (UK)

(C:\Users\Zyad\AppData\Local\Programs\MiKTeX\tex/latex/graphics-cfg\color.cfg
File: color.cfg 2016/01/02 v1.6 sample color configuration
)
Package xcolor Info: Driver file: pdftex.def on input line 274.

(C:\Users\Zyad\AppData\Local\Programs\MiKTeX\tex/latex/graphics\mathcolor.ltx)
Package xcolor Info: Model `cmy' substituted by `cmy0' on input line 1350.
Package xcolor Info: Model `hsb' substituted by `rgb' on input line 1354.
Package xcolor Info: Model `RGB' extended on input line 1366.
Package xcolor Info: Model `HTML' substituted by `rgb' on input line 1368.
Package xcolor Info: Model `Hsb' substituted by `hsb' on input line 1369.
Package xcolor Info: Model `tHsb' substituted by `hsb' on input line 1370.
Package xcolor Info: Model `HSB' substituted by `hsb' on input line 1371.
Package xcolor Info: Model `Gray' substituted by `gray' on input line 1372.
Package xcolor Info: Model `wave' substituted by `hsb' on input line 1373.
) (C:\Users\Zyad\AppData\Local\Programs\MiKTeX\tex/latex/graphics\dvipsnam.def
File: dvipsnam.def 2016/06/17 v3.0m Driver-dependent file (DPC,SPQR)
)
(C:\Users\Zyad\AppData\Local\Programs\MiKTeX\tex/latex/tocloft\tocloft.sty
Package: tocloft 2017/08/31 v2.3i parameterised ToC, etc., typesetting
Package tocloft Info: The document has chapter divisions on input line 51.
\cftparskip=\skip86
\cftbeforetoctitleskip=\skip87
\cftaftertoctitleskip=\skip88
\cftbeforepartskip=\skip89
\cftpartnumwidth=\skip90
\cftpartindent=\skip91
\cftbeforechapskip=\skip92
\cftchapindent=\skip93
\cftchapnumwidth=\skip94
\cftbeforesecskip=\skip95
\cftsecindent=\skip96
\cftsecnumwidth=\skip97
\cftbeforesubsecskip=\skip98
\cftsubsecindent=\skip99
\cftsubsecnumwidth=\skip100
\cftbeforesubsubsecskip=\skip101
\cftsubsubsecindent=\skip102
\cftsubsubsecnumwidth=\skip103
\cftbeforeparaskip=\skip104
\cftparaindent=\skip105
\cftparanumwidth=\skip106
\cftbeforesubparaskip=\skip107
\cftsubparaindent=\skip108
\cftsubparanumwidth=\skip109
\cftbeforeloftitleskip=\skip110
\cftafterloftitleskip=\skip111
\cftbeforefigskip=\skip112
\cftfigindent=\skip113
\cftfignumwidth=\skip114
\c@lofdepth=\count281
\c@lotdepth=\count282
\cftbeforelottitleskip=\skip115
\cftafterlottitleskip=\skip116
\cftbeforetabskip=\skip117
\cfttabindent=\skip118
\cfttabnumwidth=\skip119
)
(C:\Users\Zyad\AppData\Local\Programs\MiKTeX\tex/latex/siunitx\siunitx.sty
Package: siunitx 2025-07-09 v3.4.14 A comprehensive (SI) units package
\l__siunitx_number_uncert_offset_int=\count283
\l__siunitx_number_exponent_fixed_int=\count284
\l__siunitx_number_min_decimal_int=\count285
\l__siunitx_number_min_integer_int=\count286
\l__siunitx_number_round_precision_int=\count287
\l__siunitx_number_lower_threshold_int=\count288
\l__siunitx_number_upper_threshold_int=\count289
\l__siunitx_number_group_first_int=\count290
\l__siunitx_number_group_size_int=\count291
\l__siunitx_number_group_minimum_int=\count292
\l__siunitx_angle_tmp_dim=\dimen173
\l__siunitx_angle_marker_box=\box57
\l__siunitx_angle_unit_box=\box58
\l__siunitx_compound_count_int=\count293

(C:\Users\Zyad\AppData\Local\Programs\MiKTeX\tex/latex/translations\translation
s.sty
Package: translations 2022/02/05 v1.12 internationalization of LaTeX2e packages
 (CN)

(C:\Users\Zyad\AppData\Local\Programs\MiKTeX\tex/generic/pdftexcmds\pdftexcmds.
sty
Package: pdftexcmds 2020-06-27 v0.33 Utility functions of pdfTeX for LuaTeX (HO
)

(C:\Users\Zyad\AppData\Local\Programs\MiKTeX\tex/generic/infwarerr\infwarerr.st
y
Package: infwarerr 2019/12/03 v1.5 Providing info/warning/error messages (HO)
) (C:\Users\Zyad\AppData\Local\Programs\MiKTeX\tex/generic/ltxcmds\ltxcmds.sty
Package: ltxcmds 2023-12-04 v1.26 LaTeX kernel commands for general use (HO)
)
Package pdftexcmds Info: \pdf@primitive is available.
Package pdftexcmds Info: \pdf@ifprimitive is available.
Package pdftexcmds Info: \pdfdraftmode found.
))
\l__siunitx_table_tmp_box=\box59
\l__siunitx_table_tmp_dim=\dimen174
\l__siunitx_table_column_width_dim=\dimen175
\l__siunitx_table_integer_box=\box60
\l__siunitx_table_decimal_box=\box61
\l__siunitx_table_uncert_box=\box62
\l__siunitx_table_before_box=\box63
\l__siunitx_table_after_box=\box64
\l__siunitx_table_before_dim=\dimen176
\l__siunitx_table_carry_dim=\dimen177
\l__siunitx_unit_tmp_int=\count294
\l__siunitx_unit_position_int=\count295
\l__siunitx_unit_total_int=\count296
)
(C:\Users\Zyad\AppData\Local\Programs\MiKTeX\tex/latex/tools\indentfirst.sty
Package: indentfirst 2023/07/02 v1.03 Indent first paragraph (DPC)
)
(C:\Users\Zyad\AppData\Local\Programs\MiKTeX\tex/latex/enumitem\enumitem.sty
Package: enumitem 2025/02/06 v3.11 Customized lists
\labelindent=\skip120
\enit@outerparindent=\dimen178
\enit@toks=\toks30
\enit@inbox=\box65
\enit@count@id=\count297
\enitdp@description=\count298
)
(C:\Users\Zyad\AppData\Local\Programs\MiKTeX\tex/latex/tools\longtable.sty
Package: longtable 2023-11-01 v4.19 Multi-page Table package (DPC)
\LTleft=\skip121
\LTright=\skip122
\LTpre=\skip123
\LTpost=\skip124
\LTchunksize=\count299
\LTcapwidth=\dimen179
\LT@head=\box66
\LT@firsthead=\box67
\LT@foot=\box68
\LT@lastfoot=\box69
\LT@gbox=\box70
\LT@cols=\count300
\LT@rows=\count301
\c@LT@tables=\count302
\c@LT@chunks=\count303
\LT@p@ftn=\toks31
)
(C:\Users\Zyad\AppData\Local\Programs\MiKTeX\tex/latex/caption\caption.sty
Package: caption 2023/08/05 v3.6o Customizing captions (AR)

(C:\Users\Zyad\AppData\Local\Programs\MiKTeX\tex/latex/caption\caption3.sty
Package: caption3 2023/07/31 v2.4d caption3 kernel (AR)
\caption@tempdima=\dimen180
\captionmargin=\dimen181
\caption@leftmargin=\dimen182
\caption@rightmargin=\dimen183
\caption@width=\dimen184
\caption@indent=\dimen185
\caption@parindent=\dimen186
\caption@hangindent=\dimen187
Package caption Info: Standard document class detected.
)
\c@caption@flags=\count304
\c@continuedfloat=\count305
Package caption Info: longtable package is loaded.

(C:\Users\Zyad\AppData\Local\Programs\MiKTeX\tex/latex/caption\ltcaption.sty
Package: ltcaption 2021/01/08 v1.4c longtable captions (AR)
))
(C:\Users\Zyad\AppData\Local\Programs\MiKTeX\tex/latex/float\float.sty
Package: float 2001/11/08 v1.3d Float enhancements (AL)
\c@float@type=\count306
\float@exts=\toks32
\float@box=\box71
\@float@everytoks=\toks33
\@floatcapt=\box72
)
(C:\Users\Zyad\AppData\Local\Programs\MiKTeX\tex/latex/caption\subcaption.sty
Package: subcaption 2023/07/28 v1.6b Sub-captions (AR)
Package caption Info: New subtype `subfigure' on input line 238.
\c@subfigure=\count307
Package caption Info: New subtype `subtable' on input line 238.
\c@subtable=\count308
)
(C:\Users\Zyad\AppData\Local\Programs\MiKTeX\tex/latex/threeparttable\threepart
table.sty
Package: threeparttable 2003/06/13  v 3.0
\@tempboxb=\box73
)
(C:\Users\Zyad\AppData\Local\Programs\MiKTeX\tex/latex/booktabs\booktabs.sty
Package: booktabs 2020/01/12 v1.61803398 Publication quality tables
\heavyrulewidth=\dimen188
\lightrulewidth=\dimen189
\cmidrulewidth=\dimen190
\belowrulesep=\dimen191
\belowbottomsep=\dimen192
\aboverulesep=\dimen193
\abovetopsep=\dimen194
\cmidrulesep=\dimen195
\cmidrulekern=\dimen196
\defaultaddspace=\dimen197
\@cmidla=\count309
\@cmidlb=\count310
\@aboverulesep=\dimen198
\@belowrulesep=\dimen199
\@thisruleclass=\count311
\@lastruleclass=\count312
\@thisrulewidth=\dimen256
)
(C:\Users\Zyad\AppData\Local\Programs\MiKTeX\tex/latex/url\url.sty
\Urlmuskip=\muskip17
Package: url 2013/09/16  ver 3.4  Verb mode for urls, etc.
)
(C:\Users\Zyad\AppData\Local\Programs\MiKTeX\tex/latex/hyperref\hyperref.sty
Package: hyperref 2023-11-26 v7.01g Hypertext links for LaTeX

(C:\Users\Zyad\AppData\Local\Programs\MiKTeX\tex/latex/kvsetkeys\kvsetkeys.sty
Package: kvsetkeys 2022-10-05 v1.19 Key value parser (HO)
)
(C:\Users\Zyad\AppData\Local\Programs\MiKTeX\tex/generic/kvdefinekeys\kvdefinek
eys.sty
Package: kvdefinekeys 2019-12-19 v1.6 Define keys (HO)
)
(C:\Users\Zyad\AppData\Local\Programs\MiKTeX\tex/generic/pdfescape\pdfescape.st
y
Package: pdfescape 2019/12/09 v1.15 Implements pdfTeX's escape features (HO)
) (C:\Users\Zyad\AppData\Local\Programs\MiKTeX\tex/latex/hycolor\hycolor.sty
Package: hycolor 2020-01-27 v1.10 Color options for hyperref/bookmark (HO)
)
(C:\Users\Zyad\AppData\Local\Programs\MiKTeX\tex/latex/letltxmacro\letltxmacro.
sty
Package: letltxmacro 2019/12/03 v1.6 Let assignment for LaTeX macros (HO)
) (C:\Users\Zyad\AppData\Local\Programs\MiKTeX\tex/latex/auxhook\auxhook.sty
Package: auxhook 2019-12-17 v1.6 Hooks for auxiliary files (HO)
) (C:\Users\Zyad\AppData\Local\Programs\MiKTeX\tex/latex/hyperref\nameref.sty
Package: nameref 2023-11-26 v2.56 Cross-referencing by name of section

(C:\Users\Zyad\AppData\Local\Programs\MiKTeX\tex/latex/refcount\refcount.sty
Package: refcount 2019/12/15 v3.6 Data extraction from label references (HO)
)
(C:\Users\Zyad\AppData\Local\Programs\MiKTeX\tex/generic/gettitlestring\gettitl
estring.sty
Package: gettitlestring 2019/12/15 v1.6 Cleanup title references (HO)

(C:\Users\Zyad\AppData\Local\Programs\MiKTeX\tex/latex/kvoptions\kvoptions.sty
Package: kvoptions 2022-06-15 v3.15 Key value format for package options (HO)
))
\c@section@level=\count313
)
\@linkdim=\dimen257
\Hy@linkcounter=\count314
\Hy@pagecounter=\count315
 (C:\Users\Zyad\AppData\Local\Programs\MiKTeX\tex/latex/hyperref\pd1enc.def
File: pd1enc.def 2023-11-26 v7.01g Hyperref: PDFDocEncoding definition (HO)
Now handling font encoding PD1 ...
... no UTF-8 mapping file for font encoding PD1
)
(C:\Users\Zyad\AppData\Local\Programs\MiKTeX\tex/generic/intcalc\intcalc.sty
Package: intcalc 2019/12/15 v1.3 Expandable calculations with integers (HO)
)
\Hy@SavedSpaceFactor=\count316

(C:\Users\Zyad\AppData\Local\Programs\MiKTeX\tex/latex/hyperref\puenc.def
File: puenc.def 2023-11-26 v7.01g Hyperref: PDF Unicode definition (HO)
Now handling font encoding PU ...
... no UTF-8 mapping file for font encoding PU
)
Package hyperref Info: Hyper figures OFF on input line 4181.
Package hyperref Info: Link nesting OFF on input line 4186.
Package hyperref Info: Hyper index ON on input line 4189.
Package hyperref Info: Plain pages OFF on input line 4196.
Package hyperref Info: Backreferencing OFF on input line 4201.
Package hyperref Info: Implicit mode ON; LaTeX internals redefined.
Package hyperref Info: Bookmarks ON on input line 4448.
\c@Hy@tempcnt=\count317
LaTeX Info: Redefining \url on input line 4786.
\XeTeXLinkMargin=\dimen258

(C:\Users\Zyad\AppData\Local\Programs\MiKTeX\tex/generic/bitset\bitset.sty
Package: bitset 2019/12/09 v1.3 Handle bit-vector datatype (HO)

(C:\Users\Zyad\AppData\Local\Programs\MiKTeX\tex/generic/bigintcalc\bigintcalc.
sty
Package: bigintcalc 2019/12/15 v1.5 Expandable calculations on big integers (HO
)
))
\Fld@menulength=\count318
\Field@Width=\dimen259
\Fld@charsize=\dimen260
Package hyperref Info: Hyper figures OFF on input line 6065.
Package hyperref Info: Link nesting OFF on input line 6070.
Package hyperref Info: Hyper index ON on input line 6073.
Package hyperref Info: backreferencing OFF on input line 6080.
Package hyperref Info: Link coloring OFF on input line 6085.
Package hyperref Info: Link coloring with OCG OFF on input line 6090.
Package hyperref Info: PDF/A mode OFF on input line 6095.

(C:\Users\Zyad\AppData\Local\Programs\MiKTeX\tex/latex/base\atbegshi-ltx.sty
Package: atbegshi-ltx 2021/01/10 v1.0c Emulation of the original atbegshi
package with kernel methods
)
\Hy@abspage=\count319
\c@Item=\count320
\c@Hfootnote=\count321
)
Package hyperref Info: Driver (autodetected): hpdftex.

(C:\Users\Zyad\AppData\Local\Programs\MiKTeX\tex/latex/hyperref\hpdftex.def
File: hpdftex.def 2023-11-26 v7.01g Hyperref driver for pdfTeX

(C:\Users\Zyad\AppData\Local\Programs\MiKTeX\tex/latex/base\atveryend-ltx.sty
Package: atveryend-ltx 2020/08/19 v1.0a Emulation of the original atveryend pac
kage
with kernel methods
)
\Fld@listcount=\count322
\c@bookmark@seq@number=\count323

(C:\Users\Zyad\AppData\Local\Programs\MiKTeX\tex/latex/rerunfilecheck\rerunfile
check.sty
Package: rerunfilecheck 2025-06-21 v1.11 Rerun checks for auxiliary files (HO)

(C:\Users\Zyad\AppData\Local\Programs\MiKTeX\tex/generic/uniquecounter\uniqueco
unter.sty
Package: uniquecounter 2019/12/15 v1.4 Provide unlimited unique counter (HO)
)
Package uniquecounter Info: New unique counter `rerunfilecheck' on input line 2
84.
)
\Hy@SectionHShift=\skip125
)
(C:\Users\Zyad\AppData\Local\Programs\MiKTeX\tex/latex/biblatex\biblatex.sty
Package: biblatex 2023/03/05 v3.19 programmable bibliographies (PK/MW)

(C:\Users\Zyad\AppData\Local\Programs\MiKTeX\tex/latex/logreq\logreq.sty
Package: logreq 2010/08/04 v1.0 xml request logger
\lrq@indent=\count324

(C:\Users\Zyad\AppData\Local\Programs\MiKTeX\tex/latex/logreq\logreq.def
File: logreq.def 2010/08/04 v1.0 logreq spec v1.0
))
(C:\Users\Zyad\AppData\Local\Programs\MiKTeX\tex/latex/base\ifthen.sty
Package: ifthen 2022/04/13 v1.1d Standard LaTeX ifthen package (DPC)
)
\c@tabx@nest=\count325
\c@listtotal=\count326
\c@listcount=\count327
\c@liststart=\count328
\c@liststop=\count329
\c@citecount=\count330
\c@citetotal=\count331
\c@multicitecount=\count332
\c@multicitetotal=\count333
\c@instcount=\count334
\c@maxnames=\count335
\c@minnames=\count336
\c@maxitems=\count337
\c@minitems=\count338
\c@citecounter=\count339
\c@maxcitecounter=\count340
\c@savedcitecounter=\count341
\c@uniquelist=\count342
\c@uniquename=\count343
\c@refsection=\count344
\c@refsegment=\count345
\c@maxextratitle=\count346
\c@maxextratitleyear=\count347
\c@maxextraname=\count348
\c@maxextradate=\count349
\c@maxextraalpha=\count350
\c@abbrvpenalty=\count351
\c@highnamepenalty=\count352
\c@lownamepenalty=\count353
\c@maxparens=\count354
\c@parenlevel=\count355
\blx@tempcnta=\count356
\blx@tempcntb=\count357
\blx@tempcntc=\count358
\c@blx@maxsection=\count359
\blx@maxsegment@0=\count360
\blx@notetype=\count361
\blx@parenlevel@text=\count362
\blx@parenlevel@foot=\count363
\blx@sectionciteorder@0=\count364
\blx@sectionciteorderinternal@0=\count365
\blx@entrysetcounter=\count366
\blx@biblioinstance=\count367
\labelnumberwidth=\skip126
\labelalphawidth=\skip127
\biblabelsep=\skip128
\bibitemsep=\skip129
\bibnamesep=\skip130
\bibinitsep=\skip131
\bibparsep=\skip132
\bibhang=\skip133
\blx@bcfin=\read2
\blx@bcfout=\write3
\blx@langwohyphens=\language79
\c@mincomprange=\count368
\c@maxcomprange=\count369
\c@mincompwidth=\count370
Package biblatex Info: Trying to load biblatex default data model...
Package biblatex Info: ... file 'blx-dm.def' found.

(C:\Users\Zyad\AppData\Local\Programs\MiKTeX\tex/latex/biblatex\blx-dm.def
File: blx-dm.def 2023/03/05 v3.19 biblatex localization (PK/MW)
)
Package biblatex Info: Trying to load biblatex style data model...
Package biblatex Info: ... file 'numeric.dbx' not found.
Package biblatex Info: Trying to load biblatex custom data model...
Package biblatex Info: ... file 'biblatex-dm.cfg' not found.
\c@afterword=\count371
\c@savedafterword=\count372
\c@annotator=\count373
\c@savedannotator=\count374
\c@author=\count375
\c@savedauthor=\count376
\c@bookauthor=\count377
\c@savedbookauthor=\count378
\c@commentator=\count379
\c@savedcommentator=\count380
\c@editor=\count381
\c@savededitor=\count382
\c@editora=\count383
\c@savededitora=\count384
\c@editorb=\count385
\c@savededitorb=\count386
\c@editorc=\count387
\c@savededitorc=\count388
\c@foreword=\count389
\c@savedforeword=\count390
\c@holder=\count391
\c@savedholder=\count392
\c@introduction=\count393
\c@savedintroduction=\count394
\c@namea=\count395
\c@savednamea=\count396
\c@nameb=\count397
\c@savednameb=\count398
\c@namec=\count399
\c@savednamec=\count400
\c@translator=\count401
\c@savedtranslator=\count402
\c@shortauthor=\count403
\c@savedshortauthor=\count404
\c@shorteditor=\count405
\c@savedshorteditor=\count406
\c@labelname=\count407
\c@savedlabelname=\count408
\c@institution=\count409
\c@savedinstitution=\count410
\c@lista=\count411
\c@savedlista=\count412
\c@listb=\count413
\c@savedlistb=\count414
\c@listc=\count415
\c@savedlistc=\count416
\c@listd=\count417
\c@savedlistd=\count418
\c@liste=\count419
\c@savedliste=\count420
\c@listf=\count421
\c@savedlistf=\count422
\c@location=\count423
\c@savedlocation=\count424
\c@organization=\count425
\c@savedorganization=\count426
\c@origlocation=\count427
\c@savedoriglocation=\count428
\c@origpublisher=\count429
\c@savedorigpublisher=\count430
\c@publisher=\count431
\c@savedpublisher=\count432
\c@language=\count433
\c@savedlanguage=\count434
\c@origlanguage=\count435
\c@savedoriglanguage=\count436
\c@pageref=\count437
\c@savedpageref=\count438
\shorthandwidth=\skip134
\shortjournalwidth=\skip135
\shortserieswidth=\skip136
\shorttitlewidth=\skip137
\shortauthorwidth=\skip138
\shorteditorwidth=\skip139
\locallabelnumberwidth=\skip140
\locallabelalphawidth=\skip141
\localshorthandwidth=\skip142
\localshortjournalwidth=\skip143
\localshortserieswidth=\skip144
\localshorttitlewidth=\skip145
\localshortauthorwidth=\skip146
\localshorteditorwidth=\skip147
Package biblatex Info: Trying to load compatibility code...
Package biblatex Info: ... file 'blx-compat.def' found.

(C:\Users\Zyad\AppData\Local\Programs\MiKTeX\tex/latex/biblatex\blx-compat.def
File: blx-compat.def 2023/03/05 v3.19 biblatex compatibility (PK/MW)
)
Package biblatex Info: Trying to load generic definitions...
Package biblatex Info: ... file 'biblatex.def' found.
(C:\Users\Zyad\AppData\Local\Programs\MiKTeX\tex/latex/biblatex\biblatex.def
File: biblatex.def 2023/03/05 v3.19 biblatex compatibility (PK/MW)
\c@textcitecount=\count439
\c@textcitetotal=\count440
\c@textcitemaxnames=\count441
\c@biburlbigbreakpenalty=\count442
\c@biburlbreakpenalty=\count443
\c@biburlnumpenalty=\count444
\c@biburlucpenalty=\count445
\c@biburllcpenalty=\count446
\biburlbigskip=\muskip18
\biburlnumskip=\muskip19
\biburlucskip=\muskip20
\biburllcskip=\muskip21
\c@smartand=\count447
)
Package biblatex Info: Trying to load bibliography style 'numeric'...
Package biblatex Info: ... file 'numeric.bbx' found.

(C:\Users\Zyad\AppData\Local\Programs\MiKTeX\tex/latex/biblatex/bbx\numeric.bbx
File: numeric.bbx 2023/03/05 v3.19 biblatex bibliography style (PK/MW)
Package biblatex Info: Trying to load bibliography style 'standard'...
Package biblatex Info: ... file 'standard.bbx' found.

(C:\Users\Zyad\AppData\Local\Programs\MiKTeX\tex/latex/biblatex/bbx\standard.bb
x
File: standard.bbx 2023/03/05 v3.19 biblatex bibliography style (PK/MW)
\c@bbx:relatedcount=\count448
\c@bbx:relatedtotal=\count449
))
Package biblatex Info: Trying to load citation style 'numeric'...
Package biblatex Info: ... file 'numeric.cbx' found.

(C:\Users\Zyad\AppData\Local\Programs\MiKTeX\tex/latex/biblatex/cbx\numeric.cbx
File: numeric.cbx 2023/03/05 v3.19 biblatex citation style (PK/MW)
Package biblatex Info: Redefining '\cite'.
Package biblatex Info: Redefining '\parencite'.
Package biblatex Info: Redefining '\footcite'.
Package biblatex Info: Redefining '\footcitetext'.
Package biblatex Info: Redefining '\smartcite'.
Package biblatex Info: Redefining '\supercite'.
Package biblatex Info: Redefining '\textcite'.
Package biblatex Info: Redefining '\textcites'.
Package biblatex Info: Redefining '\cites'.
Package biblatex Info: Redefining '\parencites'.
Package biblatex Info: Redefining '\smartcites'.
)
Package biblatex Info: Trying to load configuration file...
Package biblatex Info: ... file 'biblatex.cfg' found.
 (C:\Users\Zyad\AppData\Local\Programs\MiKTeX\tex/latex/biblatex\biblatex.cfg
File: biblatex.cfg 
)
Package biblatex Info: Input encoding 'utf8' detected.
Package biblatex Info: Document encoding is UTF8 ....
(C:\Users\Zyad\AppData\Local\Programs\MiKTeX\tex/latex/l3kernel\expl3.sty
Package: expl3 2024-01-04 L3 programming layer (loader) 

(C:\Users\Zyad\AppData\Local\Programs\MiKTeX\tex/latex/l3backend\l3backend-pdft
ex.def
File: l3backend-pdftex.def 2024-01-04 L3 backend support: PDF output (pdfTeX)
\l__color_backend_stack_int=\count450
\l__pdf_internal_box=\box74
))
Package biblatex Info: ... and expl3
(biblatex)             2024-01-04 L3 programming layer (loader) 
(biblatex)             is new enough (at least 2020/04/06),
(biblatex)             setting 'casechanger=expl3'.

(C:\Users\Zyad\AppData\Local\Programs\MiKTeX\tex/latex/biblatex\blx-case-expl3.
sty
(C:\Users\Zyad\AppData\Local\Programs\MiKTeX\tex/latex/l3packages/xparse\xparse
.sty
Package: xparse 2023-10-10 L3 Experimental document command parser
)
Package: blx-case-expl3 2023/03/05 v3.19 expl3 case changing code for biblatex
)) (C:\Users\Zyad\AppData\Local\Programs\MiKTeX\tex/latex/base\fontenc.sty
Package: fontenc 2021/04/29 v2.0v Standard LaTeX package
) (C:\Users\Zyad\AppData\Local\Programs\MiKTeX\tex/latex/lm\lmodern.sty
Package: lmodern 2015/05/01 v1.6.1 Latin Modern Fonts
LaTeX Font Info:    Overwriting symbol font `operators' in version `normal'
(Font)                  OT1/cmr/m/n --> OT1/lmr/m/n on input line 22.
LaTeX Font Info:    Overwriting symbol font `letters' in version `normal'
(Font)                  OML/cmm/m/it --> OML/lmm/m/it on input line 23.
LaTeX Font Info:    Overwriting symbol font `symbols' in version `normal'
(Font)                  OMS/cmsy/m/n --> OMS/lmsy/m/n on input line 24.
LaTeX Font Info:    Overwriting symbol font `largesymbols' in version `normal'
(Font)                  OMX/cmex/m/n --> OMX/lmex/m/n on input line 25.
LaTeX Font Info:    Overwriting symbol font `operators' in version `bold'
(Font)                  OT1/cmr/bx/n --> OT1/lmr/bx/n on input line 26.
LaTeX Font Info:    Overwriting symbol font `letters' in version `bold'
(Font)                  OML/cmm/b/it --> OML/lmm/b/it on input line 27.
LaTeX Font Info:    Overwriting symbol font `symbols' in version `bold'
(Font)                  OMS/cmsy/b/n --> OMS/lmsy/b/n on input line 28.
LaTeX Font Info:    Overwriting symbol font `largesymbols' in version `bold'
(Font)                  OMX/cmex/m/n --> OMX/lmex/m/n on input line 29.
LaTeX Font Info:    Overwriting math alphabet `\mathbf' in version `normal'
(Font)                  OT1/cmr/bx/n --> OT1/lmr/bx/n on input line 31.
LaTeX Font Info:    Overwriting math alphabet `\mathsf' in version `normal'
(Font)                  OT1/cmss/m/n --> OT1/lmss/m/n on input line 32.
LaTeX Font Info:    Overwriting math alphabet `\mathit' in version `normal'
(Font)                  OT1/cmr/m/it --> OT1/lmr/m/it on input line 33.
LaTeX Font Info:    Overwriting math alphabet `\mathtt' in version `normal'
(Font)                  OT1/cmtt/m/n --> OT1/lmtt/m/n on input line 34.
LaTeX Font Info:    Overwriting math alphabet `\mathbf' in version `bold'
(Font)                  OT1/cmr/bx/n --> OT1/lmr/bx/n on input line 35.
LaTeX Font Info:    Overwriting math alphabet `\mathsf' in version `bold'
(Font)                  OT1/cmss/bx/n --> OT1/lmss/bx/n on input line 36.
LaTeX Font Info:    Overwriting math alphabet `\mathit' in version `bold'
(Font)                  OT1/cmr/bx/it --> OT1/lmr/bx/it on input line 37.
LaTeX Font Info:    Overwriting math alphabet `\mathtt' in version `bold'
(Font)                  OT1/cmtt/m/n --> OT1/lmtt/m/n on input line 38.
)
(C:\Users\Zyad\AppData\Local\Programs\MiKTeX\tex/latex/pgf/frontendlayer\tikz.s
ty
(C:\Users\Zyad\AppData\Local\Programs\MiKTeX\tex/latex/pgf/basiclayer\pgf.sty
(C:\Users\Zyad\AppData\Local\Programs\MiKTeX\tex/latex/pgf/utilities\pgfrcs.sty

(C:\Users\Zyad\AppData\Local\Programs\MiKTeX\tex/generic/pgf/utilities\pgfutil-
common.tex
\pgfutil@everybye=\toks34
\pgfutil@tempdima=\dimen261
\pgfutil@tempdimb=\dimen262
)
(C:\Users\Zyad\AppData\Local\Programs\MiKTeX\tex/generic/pgf/utilities\pgfutil-
latex.def
\pgfutil@abb=\box75
)
(C:\Users\Zyad\AppData\Local\Programs\MiKTeX\tex/generic/pgf/utilities\pgfrcs.c
ode.tex
(C:\Users\Zyad\AppData\Local\Programs\MiKTeX\tex/generic/pgf\pgf.revision.tex)
Package: pgfrcs 2023-01-15 v3.1.10 (3.1.10)
))
Package: pgf 2023-01-15 v3.1.10 (3.1.10)

(C:\Users\Zyad\AppData\Local\Programs\MiKTeX\tex/latex/pgf/basiclayer\pgfcore.s
ty
(C:\Users\Zyad\AppData\Local\Programs\MiKTeX\tex/latex/pgf/systemlayer\pgfsys.s
ty
(C:\Users\Zyad\AppData\Local\Programs\MiKTeX\tex/generic/pgf/systemlayer\pgfsys
.code.tex
Package: pgfsys 2023-01-15 v3.1.10 (3.1.10)

(C:\Users\Zyad\AppData\Local\Programs\MiKTeX\tex/generic/pgf/utilities\pgfkeys.
code.tex
\pgfkeys@pathtoks=\toks35
\pgfkeys@temptoks=\toks36

(C:\Users\Zyad\AppData\Local\Programs\MiKTeX\tex/generic/pgf/utilities\pgfkeysl
ibraryfiltered.code.tex
\pgfkeys@tmptoks=\toks37
))
\pgf@x=\dimen263
\pgf@y=\dimen264
\pgf@xa=\dimen265
\pgf@ya=\dimen266
\pgf@xb=\dimen267
\pgf@yb=\dimen268
\pgf@xc=\dimen269
\pgf@yc=\dimen270
\pgf@xd=\dimen271
\pgf@yd=\dimen272
\w@pgf@writea=\write4
\r@pgf@reada=\read3
\c@pgf@counta=\count451
\c@pgf@countb=\count452
\c@pgf@countc=\count453
\c@pgf@countd=\count454
\t@pgf@toka=\toks38
\t@pgf@tokb=\toks39
\t@pgf@tokc=\toks40
\pgf@sys@id@count=\count455

(C:\Users\Zyad\AppData\Local\Programs\MiKTeX\tex/generic/pgf/systemlayer\pgf.cf
g
File: pgf.cfg 2023-01-15 v3.1.10 (3.1.10)
)
Driver file for pgf: pgfsys-pdftex.def

(C:\Users\Zyad\AppData\Local\Programs\MiKTeX\tex/generic/pgf/systemlayer\pgfsys
-pdftex.def
File: pgfsys-pdftex.def 2023-01-15 v3.1.10 (3.1.10)

(C:\Users\Zyad\AppData\Local\Programs\MiKTeX\tex/generic/pgf/systemlayer\pgfsys
-common-pdf.def
File: pgfsys-common-pdf.def 2023-01-15 v3.1.10 (3.1.10)
)))
(C:\Users\Zyad\AppData\Local\Programs\MiKTeX\tex/generic/pgf/systemlayer\pgfsys
softpath.code.tex
File: pgfsyssoftpath.code.tex 2023-01-15 v3.1.10 (3.1.10)
\pgfsyssoftpath@smallbuffer@items=\count456
\pgfsyssoftpath@bigbuffer@items=\count457
)
(C:\Users\Zyad\AppData\Local\Programs\MiKTeX\tex/generic/pgf/systemlayer\pgfsys
protocol.code.tex
File: pgfsysprotocol.code.tex 2023-01-15 v3.1.10 (3.1.10)
))
(C:\Users\Zyad\AppData\Local\Programs\MiKTeX\tex/generic/pgf/basiclayer\pgfcore
.code.tex
Package: pgfcore 2023-01-15 v3.1.10 (3.1.10)

(C:\Users\Zyad\AppData\Local\Programs\MiKTeX\tex/generic/pgf/math\pgfmath.code.
tex
(C:\Users\Zyad\AppData\Local\Programs\MiKTeX\tex/generic/pgf/math\pgfmathutil.c
ode.tex)
(C:\Users\Zyad\AppData\Local\Programs\MiKTeX\tex/generic/pgf/math\pgfmathparser
.code.tex
\pgfmath@dimen=\dimen273
\pgfmath@count=\count458
\pgfmath@box=\box76
\pgfmath@toks=\toks41
\pgfmath@stack@operand=\toks42
\pgfmath@stack@operation=\toks43
)
(C:\Users\Zyad\AppData\Local\Programs\MiKTeX\tex/generic/pgf/math\pgfmathfuncti
ons.code.tex)
(C:\Users\Zyad\AppData\Local\Programs\MiKTeX\tex/generic/pgf/math\pgfmathfuncti
ons.basic.code.tex)
(C:\Users\Zyad\AppData\Local\Programs\MiKTeX\tex/generic/pgf/math\pgfmathfuncti
ons.trigonometric.code.tex)
(C:\Users\Zyad\AppData\Local\Programs\MiKTeX\tex/generic/pgf/math\pgfmathfuncti
ons.random.code.tex)
(C:\Users\Zyad\AppData\Local\Programs\MiKTeX\tex/generic/pgf/math\pgfmathfuncti
ons.comparison.code.tex)
(C:\Users\Zyad\AppData\Local\Programs\MiKTeX\tex/generic/pgf/math\pgfmathfuncti
ons.base.code.tex)
(C:\Users\Zyad\AppData\Local\Programs\MiKTeX\tex/generic/pgf/math\pgfmathfuncti
ons.round.code.tex)
(C:\Users\Zyad\AppData\Local\Programs\MiKTeX\tex/generic/pgf/math\pgfmathfuncti
ons.misc.code.tex)
(C:\Users\Zyad\AppData\Local\Programs\MiKTeX\tex/generic/pgf/math\pgfmathfuncti
ons.integerarithmetics.code.tex)
(C:\Users\Zyad\AppData\Local\Programs\MiKTeX\tex/generic/pgf/math\pgfmathcalc.c
ode.tex)
(C:\Users\Zyad\AppData\Local\Programs\MiKTeX\tex/generic/pgf/math\pgfmathfloat.
code.tex
\c@pgfmathroundto@lastzeros=\count459
))
(C:\Users\Zyad\AppData\Local\Programs\MiKTeX\tex/generic/pgf/math\pgfint.code.t
ex)
(C:\Users\Zyad\AppData\Local\Programs\MiKTeX\tex/generic/pgf/basiclayer\pgfcore
points.code.tex
File: pgfcorepoints.code.tex 2023-01-15 v3.1.10 (3.1.10)
\pgf@picminx=\dimen274
\pgf@picmaxx=\dimen275
\pgf@picminy=\dimen276
\pgf@picmaxy=\dimen277
\pgf@pathminx=\dimen278
\pgf@pathmaxx=\dimen279
\pgf@pathminy=\dimen280
\pgf@pathmaxy=\dimen281
\pgf@xx=\dimen282
\pgf@xy=\dimen283
\pgf@yx=\dimen284
\pgf@yy=\dimen285
\pgf@zx=\dimen286
\pgf@zy=\dimen287
)
(C:\Users\Zyad\AppData\Local\Programs\MiKTeX\tex/generic/pgf/basiclayer\pgfcore
pathconstruct.code.tex
File: pgfcorepathconstruct.code.tex 2023-01-15 v3.1.10 (3.1.10)
\pgf@path@lastx=\dimen288
\pgf@path@lasty=\dimen289
)
(C:\Users\Zyad\AppData\Local\Programs\MiKTeX\tex/generic/pgf/basiclayer\pgfcore
pathusage.code.tex
File: pgfcorepathusage.code.tex 2023-01-15 v3.1.10 (3.1.10)
\pgf@shorten@end@additional=\dimen290
\pgf@shorten@start@additional=\dimen291
)
(C:\Users\Zyad\AppData\Local\Programs\MiKTeX\tex/generic/pgf/basiclayer\pgfcore
scopes.code.tex
File: pgfcorescopes.code.tex 2023-01-15 v3.1.10 (3.1.10)
\pgfpic=\box77
\pgf@hbox=\box78
\pgf@layerbox@main=\box79
\pgf@picture@serial@count=\count460
)
(C:\Users\Zyad\AppData\Local\Programs\MiKTeX\tex/generic/pgf/basiclayer\pgfcore
graphicstate.code.tex
File: pgfcoregraphicstate.code.tex 2023-01-15 v3.1.10 (3.1.10)
\pgflinewidth=\dimen292
)
(C:\Users\Zyad\AppData\Local\Programs\MiKTeX\tex/generic/pgf/basiclayer\pgfcore
transformations.code.tex
File: pgfcoretransformations.code.tex 2023-01-15 v3.1.10 (3.1.10)
\pgf@pt@x=\dimen293
\pgf@pt@y=\dimen294
\pgf@pt@temp=\dimen295
)
(C:\Users\Zyad\AppData\Local\Programs\MiKTeX\tex/generic/pgf/basiclayer\pgfcore
quick.code.tex
File: pgfcorequick.code.tex 2023-01-15 v3.1.10 (3.1.10)
)
(C:\Users\Zyad\AppData\Local\Programs\MiKTeX\tex/generic/pgf/basiclayer\pgfcore
objects.code.tex
File: pgfcoreobjects.code.tex 2023-01-15 v3.1.10 (3.1.10)
)
(C:\Users\Zyad\AppData\Local\Programs\MiKTeX\tex/generic/pgf/basiclayer\pgfcore
pathprocessing.code.tex
File: pgfcorepathprocessing.code.tex 2023-01-15 v3.1.10 (3.1.10)
)
(C:\Users\Zyad\AppData\Local\Programs\MiKTeX\tex/generic/pgf/basiclayer\pgfcore
arrows.code.tex
File: pgfcorearrows.code.tex 2023-01-15 v3.1.10 (3.1.10)
\pgfarrowsep=\dimen296
)
(C:\Users\Zyad\AppData\Local\Programs\MiKTeX\tex/generic/pgf/basiclayer\pgfcore
shade.code.tex
File: pgfcoreshade.code.tex 2023-01-15 v3.1.10 (3.1.10)
\pgf@max=\dimen297
\pgf@sys@shading@range@num=\count461
\pgf@shadingcount=\count462
)
(C:\Users\Zyad\AppData\Local\Programs\MiKTeX\tex/generic/pgf/basiclayer\pgfcore
image.code.tex
File: pgfcoreimage.code.tex 2023-01-15 v3.1.10 (3.1.10)
)
(C:\Users\Zyad\AppData\Local\Programs\MiKTeX\tex/generic/pgf/basiclayer\pgfcore
external.code.tex
File: pgfcoreexternal.code.tex 2023-01-15 v3.1.10 (3.1.10)
\pgfexternal@startupbox=\box80
)
(C:\Users\Zyad\AppData\Local\Programs\MiKTeX\tex/generic/pgf/basiclayer\pgfcore
layers.code.tex
File: pgfcorelayers.code.tex 2023-01-15 v3.1.10 (3.1.10)
)
(C:\Users\Zyad\AppData\Local\Programs\MiKTeX\tex/generic/pgf/basiclayer\pgfcore
transparency.code.tex
File: pgfcoretransparency.code.tex 2023-01-15 v3.1.10 (3.1.10)
)
(C:\Users\Zyad\AppData\Local\Programs\MiKTeX\tex/generic/pgf/basiclayer\pgfcore
patterns.code.tex
File: pgfcorepatterns.code.tex 2023-01-15 v3.1.10 (3.1.10)
)
(C:\Users\Zyad\AppData\Local\Programs\MiKTeX\tex/generic/pgf/basiclayer\pgfcore
rdf.code.tex
File: pgfcorerdf.code.tex 2023-01-15 v3.1.10 (3.1.10)
)))
(C:\Users\Zyad\AppData\Local\Programs\MiKTeX\tex/generic/pgf/modules\pgfmodules
hapes.code.tex
File: pgfmoduleshapes.code.tex 2023-01-15 v3.1.10 (3.1.10)
\pgfnodeparttextbox=\box81
)
(C:\Users\Zyad\AppData\Local\Programs\MiKTeX\tex/generic/pgf/modules\pgfmodulep
lot.code.tex
File: pgfmoduleplot.code.tex 2023-01-15 v3.1.10 (3.1.10)
)
(C:\Users\Zyad\AppData\Local\Programs\MiKTeX\tex/latex/pgf/compatibility\pgfcom
p-version-0-65.sty
Package: pgfcomp-version-0-65 2023-01-15 v3.1.10 (3.1.10)
\pgf@nodesepstart=\dimen298
\pgf@nodesepend=\dimen299
)
(C:\Users\Zyad\AppData\Local\Programs\MiKTeX\tex/latex/pgf/compatibility\pgfcom
p-version-1-18.sty
Package: pgfcomp-version-1-18 2023-01-15 v3.1.10 (3.1.10)
))
(C:\Users\Zyad\AppData\Local\Programs\MiKTeX\tex/latex/pgf/utilities\pgffor.sty

(C:\Users\Zyad\AppData\Local\Programs\MiKTeX\tex/latex/pgf/utilities\pgfkeys.st
y
(C:\Users\Zyad\AppData\Local\Programs\MiKTeX\tex/generic/pgf/utilities\pgfkeys.
code.tex))
(C:\Users\Zyad\AppData\Local\Programs\MiKTeX\tex/latex/pgf/math\pgfmath.sty
(C:\Users\Zyad\AppData\Local\Programs\MiKTeX\tex/generic/pgf/math\pgfmath.code.
tex))
(C:\Users\Zyad\AppData\Local\Programs\MiKTeX\tex/generic/pgf/utilities\pgffor.c
ode.tex
Package: pgffor 2023-01-15 v3.1.10 (3.1.10)
\pgffor@iter=\dimen300
\pgffor@skip=\dimen301
\pgffor@stack=\toks44
\pgffor@toks=\toks45
))
(C:\Users\Zyad\AppData\Local\Programs\MiKTeX\tex/generic/pgf/frontendlayer/tikz
\tikz.code.tex
Package: tikz 2023-01-15 v3.1.10 (3.1.10)

(C:\Users\Zyad\AppData\Local\Programs\MiKTeX\tex/generic/pgf/libraries\pgflibra
ryplothandlers.code.tex
File: pgflibraryplothandlers.code.tex 2023-01-15 v3.1.10 (3.1.10)
\pgf@plot@mark@count=\count463
\pgfplotmarksize=\dimen302
)
\tikz@lastx=\dimen303
\tikz@lasty=\dimen304
\tikz@lastxsaved=\dimen305
\tikz@lastysaved=\dimen306
\tikz@lastmovetox=\dimen307
\tikz@lastmovetoy=\dimen308
\tikzleveldistance=\dimen309
\tikzsiblingdistance=\dimen310
\tikz@figbox=\box82
\tikz@figbox@bg=\box83
\tikz@tempbox=\box84
\tikz@tempbox@bg=\box85
\tikztreelevel=\count464
\tikznumberofchildren=\count465
\tikznumberofcurrentchild=\count466
\tikz@fig@count=\count467

(C:\Users\Zyad\AppData\Local\Programs\MiKTeX\tex/generic/pgf/modules\pgfmodulem
atrix.code.tex
File: pgfmodulematrix.code.tex 2023-01-15 v3.1.10 (3.1.10)
\pgfmatrixcurrentrow=\count468
\pgfmatrixcurrentcolumn=\count469
\pgf@matrix@numberofcolumns=\count470
)
\tikz@expandcount=\count471

(C:\Users\Zyad\AppData\Local\Programs\MiKTeX\tex/generic/pgf/frontendlayer/tikz
/libraries\tikzlibrarytopaths.code.tex
File: tikzlibrarytopaths.code.tex 2023-01-15 v3.1.10 (3.1.10)
)))
(C:\Users\Zyad\AppData\Local\Programs\MiKTeX\tex/generic/pgf/frontendlayer/tikz
/libraries\tikzlibraryshapes.geometric.code.tex
File: tikzlibraryshapes.geometric.code.tex 2023-01-15 v3.1.10 (3.1.10)

(C:\Users\Zyad\AppData\Local\Programs\MiKTeX\tex/generic/pgf/libraries/shapes\p
gflibraryshapes.geometric.code.tex
File: pgflibraryshapes.geometric.code.tex 2023-01-15 v3.1.10 (3.1.10)
))
(C:\Users\Zyad\AppData\Local\Programs\MiKTeX\tex/generic/pgf/libraries\pgflibra
ryarrows.meta.code.tex
File: pgflibraryarrows.meta.code.tex 2023-01-15 v3.1.10 (3.1.10)
\pgfarrowinset=\dimen311
\pgfarrowlength=\dimen312
\pgfarrowwidth=\dimen313
\pgfarrowlinewidth=\dimen314
)
(C:\Users\Zyad\AppData\Local\Programs\MiKTeX\tex/generic/pgf/frontendlayer/tikz
/libraries\tikzlibrarypositioning.code.tex
File: tikzlibrarypositioning.code.tex 2023-01-15 v3.1.10 (3.1.10)
)
(C:\Users\Zyad\AppData\Local\Programs\MiKTeX\tex/generic/pgf/frontendlayer/tikz
/libraries\tikzlibrarycalc.code.tex
File: tikzlibrarycalc.code.tex 2023-01-15 v3.1.10 (3.1.10)
))
Package translations Info: No language package found. I am going to use `englis
h' as default language. on input line 5.
\@quotelevel=\count472
\@quotereset=\count473
LaTeX Font Info:    Trying to load font information for T1+lmr on input line 5.


(C:\Users\Zyad\AppData\Local\Programs\MiKTeX\tex/latex/lm\t1lmr.fd
File: t1lmr.fd 2015/05/01 v1.6.1 Font defs for Latin Modern
)
(Thesis_book.aux (chapters/chapter1.aux) (chapters/chapter2.aux)
(chapters/chapter3.aux) (chapters/chapter4.aux) (chapters/chapter5.aux))
\openout1 = `Thesis_book.aux'.

LaTeX Font Info:    Checking defaults for OML/cmm/m/it on input line 5.
LaTeX Font Info:    ... okay on input line 5.
LaTeX Font Info:    Checking defaults for OMS/cmsy/m/n on input line 5.
LaTeX Font Info:    ... okay on input line 5.
LaTeX Font Info:    Checking defaults for OT1/cmr/m/n on input line 5.
LaTeX Font Info:    ... okay on input line 5.
LaTeX Font Info:    Checking defaults for T1/cmr/m/n on input line 5.
LaTeX Font Info:    ... okay on input line 5.
LaTeX Font Info:    Checking defaults for TS1/cmr/m/n on input line 5.
LaTeX Font Info:    ... okay on input line 5.
LaTeX Font Info:    Checking defaults for OMX/cmex/m/n on input line 5.
LaTeX Font Info:    ... okay on input line 5.
LaTeX Font Info:    Checking defaults for U/cmr/m/n on input line 5.
LaTeX Font Info:    ... okay on input line 5.
LaTeX Font Info:    Checking defaults for PD1/pdf/m/n on input line 5.
LaTeX Font Info:    ... okay on input line 5.
LaTeX Font Info:    Checking defaults for PU/pdf/m/n on input line 5.
LaTeX Font Info:    ... okay on input line 5.

*geometry* driver: auto-detecting
*geometry* detected driver: pdftex
*geometry* verbose mode - [ preamble ] result:
* driver: pdftex
* paper: a4paper
* layout: <same size as paper>
* layoutoffset:(h,v)=(0.0pt,0.0pt)
* modes: twoside 
* h-part:(L,W,R)=(72.26999pt, 452.9679pt, 72.26999pt)
* v-part:(T,H,B)=(72.26999pt, 700.50687pt, 72.26999pt)
* \paperwidth=597.50787pt
* \paperheight=845.04684pt
* \textwidth=452.9679pt
* \textheight=700.50687pt
* \oddsidemargin=0.0pt
* \evensidemargin=0.0pt
* \topmargin=-31.8738pt
* \headheight=12.0pt
* \headsep=19.8738pt
* \topskip=12.0pt
* \footskip=30.0pt
* \marginparwidth=98.0pt
* \marginparsep=7.0pt
* \columnsep=10.0pt
* \skip\footins=10.8pt plus 4.0pt minus 2.0pt
* \hoffset=0.0pt
* \voffset=0.0pt
* \mag=1000
* \@twocolumnfalse
* \@twosidetrue
* \@mparswitchtrue
* \@reversemarginfalse
* (1in=72.27pt=25.4mm, 1cm=28.453pt)


(C:\Users\Zyad\AppData\Local\Programs\MiKTeX\tex/context/base/mkii\supp-pdf.mki
i
[Loading MPS to PDF converter (version 2006.09.02).]
\scratchcounter=\count474
\scratchdimen=\dimen315
\scratchbox=\box86
\nofMPsegments=\count475
\nofMParguments=\count476
\everyMPshowfont=\toks46
\MPscratchCnt=\count477
\MPscratchDim=\dimen316
\MPnumerator=\count478
\makeMPintoPDFobject=\count479
\everyMPtoPDFconversion=\toks47
)
(C:\Users\Zyad\AppData\Local\Programs\MiKTeX\tex/latex/epstopdf-pkg\epstopdf-ba
se.sty
Package: epstopdf-base 2020-01-24 v2.11 Base part for package epstopdf
Package epstopdf-base Info: Redefining graphics rule for `.eps' on input line 4
85.

(C:\Users\Zyad\AppData\Local\Programs\MiKTeX\tex/latex/00miktex\epstopdf-sys.cf
g
File: epstopdf-sys.cfg 2021/03/18 v2.0 Configuration of epstopdf for MiKTeX
))
LaTeX Info: Redefining \microtypecontext on input line 5.
Package microtype Info: Applying patch `item' on input line 5.
Package microtype Info: Applying patch `toc' on input line 5.
Package microtype Info: Applying patch `eqnum' on input line 5.
Package microtype Info: Applying patch `footnote' on input line 5.
Package microtype Info: Applying patch `verbatim' on input line 5.
LaTeX Info: Redefining \microtypesetup on input line 5.
Package microtype Info: Generating PDF output.
Package microtype Info: Character protrusion enabled (level 2).
Package microtype Info: Using default protrusion set `alltext'.
Package microtype Info: Automatic font expansion enabled (level 2),
(microtype)             stretch: 20, shrink: 20, step: 1, non-selected.
Package microtype Info: Using default expansion set `alltext-nott'.
Package microtype Info: Patching command `\showhyphens'.
Package microtype Info: No adjustment of tracking.
Package microtype Info: No adjustment of interword spacing.
Package microtype Info: No adjustment of character kerning.
 (C:\Users\Zyad\AppData\Local\Programs\MiKTeX\tex/latex/microtype\mt-cmr.cfg
File: mt-cmr.cfg 2013/05/19 v2.2 microtype config. file: Computer Modern Roman 
(RS)
)
(C:\Users\Zyad\AppData\Local\Programs\MiKTeX\tex/latex/translations/dicts\trans
lations-basic-dictionary-english.trsl
File: translations-basic-dictionary-english.trsl (english translation file `tra
nslations-basic-dictionary')
)
Package translations Info: loading dictionary `translations-basic-dictionary' f
or `english'. on input line 5.
Package caption Info: Begin \AtBeginDocument code.
Package caption Info: float package is loaded.
Package caption Info: hyperref package is loaded.
Package caption Info: threeparttable package is loaded.
Package caption Info: End \AtBeginDocument code.
Package hyperref Info: Link coloring OFF on input line 5.
 (Thesis_book.out) (Thesis_book.out)
\@outlinefile=\write5
\openout5 = `Thesis_book.out'.

Package biblatex Info: Trying to load language 'english'...
Package biblatex Info: ... file 'english.lbx' found.

(C:\Users\Zyad\AppData\Local\Programs\MiKTeX\tex/latex/biblatex/lbx\english.lbx
File: english.lbx 2023/03/05 v3.19 biblatex localization (PK/MW)
)
Package biblatex Info: Input encoding 'utf8' detected.
Package biblatex Info: Automatic encoding selection.
(biblatex)             Assuming data encoding 'utf8'.
\openout3 = `Thesis_book.bcf'.

Package biblatex Info: Trying to load bibliographic data...
Package biblatex Info: ... file 'Thesis_book.bbl' found.
 (Thesis_book.bbl)
Package biblatex Info: Reference section=0 on input line 5.
Package biblatex Info: Reference segment=0 on input line 5.
LaTeX Font Info:    Trying to load font information for T1+lmss on input line 9
.

(C:\Users\Zyad\AppData\Local\Programs\MiKTeX\tex/latex/lm\t1lmss.fd
File: t1lmss.fd 2015/05/01 v1.6.1 Font defs for Latin Modern
)
Package microtype Info: Loading generic protrusion settings for font family
(microtype)             `lmss' (encoding: T1).
(microtype)             For optimal results, create family-specific settings.
(microtype)             See the microtype manual for details.
<assets/college-logo.png, id=468, 255.95625pt x 222.8325pt>
File: assets/college-logo.png Graphic file (type png)
<use assets/college-logo.png>
Package pdftex.def Info: assets/college-logo.png  used on input line 14.
(pdftex.def)             Requested size: 226.48395pt x 197.17445pt.
LaTeX Font Info:    Trying to load font information for T1+qpl on input line 54
.

(C:\Users\Zyad\AppData\Local\Programs\MiKTeX\tex/latex/tex-gyre\t1qpl.fd
File: t1qpl.fd 2009/09/25 v1.2 font definition file for T1/qpl
)
(C:\Users\Zyad\AppData\Local\Programs\MiKTeX\tex/latex/microtype\mt-ppl.cfg
File: mt-ppl.cfg 2005/11/16 v1.6 microtype config. file: Palatino (RS)
)
LaTeX Font Info:    Trying to load font information for OT1+lmr on input line 5
4.

(C:\Users\Zyad\AppData\Local\Programs\MiKTeX\tex/latex/lm\ot1lmr.fd
File: ot1lmr.fd 2015/05/01 v1.6.1 Font defs for Latin Modern
)
LaTeX Font Info:    Trying to load font information for OML+lmm on input line 5
4.

(C:\Users\Zyad\AppData\Local\Programs\MiKTeX\tex/latex/lm\omllmm.fd
File: omllmm.fd 2015/05/01 v1.6.1 Font defs for Latin Modern
)
LaTeX Font Info:    Trying to load font information for OMS+lmsy on input line 
54.

(C:\Users\Zyad\AppData\Local\Programs\MiKTeX\tex/latex/lm\omslmsy.fd
File: omslmsy.fd 2015/05/01 v1.6.1 Font defs for Latin Modern
)
LaTeX Font Info:    Trying to load font information for OMX+lmex on input line 
54.

(C:\Users\Zyad\AppData\Local\Programs\MiKTeX\tex/latex/lm\omxlmex.fd
File: omxlmex.fd 2015/05/01 v1.6.1 Font defs for Latin Modern
)
LaTeX Font Info:    External font `lmex10' loaded for size
(Font)              <12> on input line 54.
LaTeX Font Info:    External font `lmex10' loaded for size
(Font)              <8> on input line 54.
LaTeX Font Info:    External font `lmex10' loaded for size
(Font)              <6> on input line 54.
LaTeX Font Info:    Trying to load font information for U+msa on input line 54.


(C:\Users\Zyad\AppData\Local\Programs\MiKTeX\tex/latex/amsfonts\umsa.fd
File: umsa.fd 2013/01/14 v3.01 AMS symbols A
)
(C:\Users\Zyad\AppData\Local\Programs\MiKTeX\tex/latex/microtype\mt-msa.cfg
File: mt-msa.cfg 2006/02/04 v1.1 microtype config. file: AMS symbols (a) (RS)
)
LaTeX Font Info:    Trying to load font information for U+msb on input line 54.


(C:\Users\Zyad\AppData\Local\Programs\MiKTeX\tex/latex/amsfonts\umsb.fd
File: umsb.fd 2013/01/14 v3.01 AMS symbols B
)
(C:\Users\Zyad\AppData\Local\Programs\MiKTeX\tex/latex/microtype\mt-msb.cfg
File: mt-msb.cfg 2005/06/01 v1.0 microtype config. file: AMS symbols (b) (RS)
)
[1


{C:/Users/Zyad/AppData/Local/MiKTeX/fonts/map/pdftex/pdftex.map}{C:/Users/Zyad/
AppData/Local/Programs/MiKTeX/fonts/enc/dvips/lm/lm-ec.enc}{C:/Users/Zyad/AppDa
ta/Local/Programs/MiKTeX/fonts/enc/dvips/tex-gyre/q-ec.enc} <./assets/college-l
ogo.png>] [2] [3] [1

] [2

] (Thesis_book.toc
LaTeX Font Info:    Trying to load font information for TS1+lmr on input line 2
7.

(C:\Users\Zyad\AppData\Local\Programs\MiKTeX\tex/latex/lm\ts1lmr.fd
File: ts1lmr.fd 2015/05/01 v1.6.1 Font defs for Latin Modern
) [3{C:/Users/Zyad/AppData/Local/Programs/MiKTeX/fonts/enc/dvips/lm/lm-ts1.enc}
] [4])
\tf@toc=\write6
\openout6 = `Thesis_book.toc'.


[5] (Thesis_book.lot)
\tf@lot=\write7
\openout7 = `Thesis_book.lot'.


Underfull \vbox (badness 1264) has occurred while \output is active []

 [6]
[7] (Thesis_book.lof
Underfull \vbox (badness 10000) has occurred while \output is active []

 [8]
[9])
\tf@lof=\write8
\openout8 = `Thesis_book.lof'.

 [10]
pdfTeX warning (ext4): destination with the same identifier (name{page.1}) has 
been already used, duplicate ignored
<to be read again> 
                   \relax 
l.152 	\include{chapters/chapter1}
                                   [1]
\openout2 = `chapters/chapter1.aux'.

 (chapters/chapter1.tex
Chapter 1.

Underfull \vbox (badness 10000) has occurred while \output is active []



Package fancyhdr Warning: \headheight is too small (12.0pt): 
(fancyhdr)                Make it at least 14.49998pt, for example:
(fancyhdr)                \setlength{\headheight}{14.49998pt}.
(fancyhdr)                You might also make \topmargin smaller:
(fancyhdr)                \addtolength{\topmargin}{-2.49998pt}.


pdfTeX warning (ext4): destination with the same identifier (name{page.2}) has 
been already used, duplicate ignored
<to be read again> 
                   \relax 
l.18 
      [2


]

Package fancyhdr Warning: \headheight is too small (12.0pt): 
(fancyhdr)                Make it at least 14.49998pt, for example:
(fancyhdr)                \setlength{\headheight}{14.49998pt}.
(fancyhdr)                You might also make \topmargin smaller:
(fancyhdr)                \addtolength{\topmargin}{-2.49998pt}.


pdfTeX warning (ext4): destination with the same identifier (name{page.3}) has 
been already used, duplicate ignored
<to be read again> 
                   \relax 
l.46 
      [3]
Underfull \vbox (badness 10000) has occurred while \output is active []



Package fancyhdr Warning: \headheight is too small (12.0pt): 
(fancyhdr)                Make it at least 14.49998pt, for example:
(fancyhdr)                \setlength{\headheight}{14.49998pt}.
(fancyhdr)                You might also make \topmargin smaller:
(fancyhdr)                \addtolength{\topmargin}{-2.49998pt}.

[4]
Underfull \vbox (badness 10000) has occurred while \output is active []



Package fancyhdr Warning: \headheight is too small (12.0pt): 
(fancyhdr)                Make it at least 14.49998pt, for example:
(fancyhdr)                \setlength{\headheight}{14.49998pt}.
(fancyhdr)                You might also make \topmargin smaller:
(fancyhdr)                \addtolength{\topmargin}{-2.49998pt}.

[5]
Underfull \vbox (badness 10000) has occurred while \output is active []



Package fancyhdr Warning: \headheight is too small (12.0pt): 
(fancyhdr)                Make it at least 14.49998pt, for example:
(fancyhdr)                \setlength{\headheight}{14.49998pt}.
(fancyhdr)                You might also make \topmargin smaller:
(fancyhdr)                \addtolength{\topmargin}{-2.49998pt}.

[6]

Package fancyhdr Warning: \headheight is too small (12.0pt): 
(fancyhdr)                Make it at least 14.49998pt, for example:
(fancyhdr)                \setlength{\headheight}{14.49998pt}.
(fancyhdr)                You might also make \topmargin smaller:
(fancyhdr)                \addtolength{\topmargin}{-2.49998pt}.

[7]

Package fancyhdr Warning: \headheight is too small (12.0pt): 
(fancyhdr)                Make it at least 14.49998pt, for example:
(fancyhdr)                \setlength{\headheight}{14.49998pt}.
(fancyhdr)                You might also make \topmargin smaller:
(fancyhdr)                \addtolength{\topmargin}{-2.49998pt}.

[8]
Underfull \hbox (badness 1769) in paragraph at lines 233--233
[]|\T1/lmr/m/n/12 (+20) Imbalanced con-di-tion fre-
 []


Package fancyhdr Warning: \headheight is too small (12.0pt): 
(fancyhdr)                Make it at least 14.49998pt, for example:
(fancyhdr)                \setlength{\headheight}{14.49998pt}.
(fancyhdr)                You might also make \topmargin smaller:
(fancyhdr)                \addtolength{\topmargin}{-2.49998pt}.

[9]
Underfull \vbox (badness 10000) has occurred while \output is active []



Package fancyhdr Warning: \headheight is too small (12.0pt): 
(fancyhdr)                Make it at least 14.49998pt, for example:
(fancyhdr)                \setlength{\headheight}{14.49998pt}.
(fancyhdr)                You might also make \topmargin smaller:
(fancyhdr)                \addtolength{\topmargin}{-2.49998pt}.

[10]
<assets/XAI.png, id=924, 336.25626pt x 150.5625pt>
File: assets/XAI.png Graphic file (type png)
<use assets/XAI.png>
Package pdftex.def Info: assets/XAI.png  used on input line 283.
(pdftex.def)             Requested size: 226.48395pt x 101.41164pt.


Package fancyhdr Warning: \headheight is too small (12.0pt): 
(fancyhdr)                Make it at least 14.49998pt, for example:
(fancyhdr)                \setlength{\headheight}{14.49998pt}.
(fancyhdr)                You might also make \topmargin smaller:
(fancyhdr)                \addtolength{\topmargin}{-2.49998pt}.

[11 <./assets/XAI.png>]
<assets/federated_learning.png, id=930, 674.52pt x 377.41pt>
File: assets/federated_learning.png Graphic file (type png)
<use assets/federated_learning.png>
Package pdftex.def Info: assets/federated_learning.png  used on input line 311.

(pdftex.def)             Requested size: 362.37569pt x 202.76178pt.


Package fancyhdr Warning: \headheight is too small (12.0pt): 
(fancyhdr)                Make it at least 14.49998pt, for example:
(fancyhdr)                \setlength{\headheight}{14.49998pt}.
(fancyhdr)                You might also make \topmargin smaller:
(fancyhdr)                \addtolength{\topmargin}{-2.49998pt}.

[12 <./assets/federated_learning.png>]
Underfull \vbox (badness 10000) has occurred while \output is active []



Package fancyhdr Warning: \headheight is too small (12.0pt): 
(fancyhdr)                Make it at least 14.49998pt, for example:
(fancyhdr)                \setlength{\headheight}{14.49998pt}.
(fancyhdr)                You might also make \topmargin smaller:
(fancyhdr)                \addtolength{\topmargin}{-2.49998pt}.

[13]
Underfull \vbox (badness 10000) has occurred while \output is active []



Package fancyhdr Warning: \headheight is too small (12.0pt): 
(fancyhdr)                Make it at least 14.49998pt, for example:
(fancyhdr)                \setlength{\headheight}{14.49998pt}.
(fancyhdr)                You might also make \topmargin smaller:
(fancyhdr)                \addtolength{\topmargin}{-2.49998pt}.

[14]
Underfull \vbox (badness 10000) has occurred while \output is active []



Package fancyhdr Warning: \headheight is too small (12.0pt): 
(fancyhdr)                Make it at least 14.49998pt, for example:
(fancyhdr)                \setlength{\headheight}{14.49998pt}.
(fancyhdr)                You might also make \topmargin smaller:
(fancyhdr)                \addtolength{\topmargin}{-2.49998pt}.

[15]
Underfull \vbox (badness 10000) has occurred while \output is active []



Package fancyhdr Warning: \headheight is too small (12.0pt): 
(fancyhdr)                Make it at least 14.49998pt, for example:
(fancyhdr)                \setlength{\headheight}{14.49998pt}.
(fancyhdr)                You might also make \topmargin smaller:
(fancyhdr)                \addtolength{\topmargin}{-2.49998pt}.

[16]
Underfull \vbox (badness 10000) has occurred while \output is active []



Package fancyhdr Warning: \headheight is too small (12.0pt): 
(fancyhdr)                Make it at least 14.49998pt, for example:
(fancyhdr)                \setlength{\headheight}{14.49998pt}.
(fancyhdr)                You might also make \topmargin smaller:
(fancyhdr)                \addtolength{\topmargin}{-2.49998pt}.

[17]
Underfull \vbox (badness 10000) has occurred while \output is active []



Package fancyhdr Warning: \headheight is too small (12.0pt): 
(fancyhdr)                Make it at least 14.49998pt, for example:
(fancyhdr)                \setlength{\headheight}{14.49998pt}.
(fancyhdr)                You might also make \topmargin smaller:
(fancyhdr)                \addtolength{\topmargin}{-2.49998pt}.

[18]

Package fancyhdr Warning: \headheight is too small (12.0pt): 
(fancyhdr)                Make it at least 14.49998pt, for example:
(fancyhdr)                \setlength{\headheight}{14.49998pt}.
(fancyhdr)                You might also make \topmargin smaller:
(fancyhdr)                \addtolength{\topmargin}{-2.49998pt}.

[19]) [20


]
\openout2 = `chapters/chapter2.aux'.

 (chapters/chapter2.tex
Chapter 2.

Underfull \vbox (badness 10000) has occurred while \output is active []



Package fancyhdr Warning: \headheight is too small (12.0pt): 
(fancyhdr)                Make it at least 14.49998pt, for example:
(fancyhdr)                \setlength{\headheight}{14.49998pt}.
(fancyhdr)                You might also make \topmargin smaller:
(fancyhdr)                \addtolength{\topmargin}{-2.49998pt}.

[21


]
Underfull \vbox (badness 10000) has occurred while \output is active []



Package fancyhdr Warning: \headheight is too small (12.0pt): 
(fancyhdr)                Make it at least 14.49998pt, for example:
(fancyhdr)                \setlength{\headheight}{14.49998pt}.
(fancyhdr)                You might also make \topmargin smaller:
(fancyhdr)                \addtolength{\topmargin}{-2.49998pt}.

[22]
Underfull \vbox (badness 10000) has occurred while \output is active []



Package fancyhdr Warning: \headheight is too small (12.0pt): 
(fancyhdr)                Make it at least 14.49998pt, for example:
(fancyhdr)                \setlength{\headheight}{14.49998pt}.
(fancyhdr)                You might also make \topmargin smaller:
(fancyhdr)                \addtolength{\topmargin}{-2.49998pt}.

[23]
<assets/lung_cancer_CT_ex.jpg, id=983, 213.79875pt x 237.88875pt>
File: assets/lung_cancer_CT_ex.jpg Graphic file (type jpg)
<use assets/lung_cancer_CT_ex.jpg>
Package pdftex.def Info: assets/lung_cancer_CT_ex.jpg  used on input line 66.
(pdftex.def)             Requested size: 213.79822pt x 237.88815pt.

Underfull \vbox (badness 10000) has occurred while \output is active []



Package fancyhdr Warning: \headheight is too small (12.0pt): 
(fancyhdr)                Make it at least 14.49998pt, for example:
(fancyhdr)                \setlength{\headheight}{14.49998pt}.
(fancyhdr)                You might also make \topmargin smaller:
(fancyhdr)                \addtolength{\topmargin}{-2.49998pt}.

[24]

Package fancyhdr Warning: \headheight is too small (12.0pt): 
(fancyhdr)                Make it at least 14.49998pt, for example:
(fancyhdr)                \setlength{\headheight}{14.49998pt}.
(fancyhdr)                You might also make \topmargin smaller:
(fancyhdr)                \addtolength{\topmargin}{-2.49998pt}.

[25 <./assets/lung_cancer_CT_ex.jpg>]
Underfull \vbox (badness 10000) has occurred while \output is active []



Package fancyhdr Warning: \headheight is too small (12.0pt): 
(fancyhdr)                Make it at least 14.49998pt, for example:
(fancyhdr)                \setlength{\headheight}{14.49998pt}.
(fancyhdr)                You might also make \topmargin smaller:
(fancyhdr)                \addtolength{\topmargin}{-2.49998pt}.

[26]
Underfull \vbox (badness 10000) has occurred while \output is active []



Package fancyhdr Warning: \headheight is too small (12.0pt): 
(fancyhdr)                Make it at least 14.49998pt, for example:
(fancyhdr)                \setlength{\headheight}{14.49998pt}.
(fancyhdr)                You might also make \topmargin smaller:
(fancyhdr)                \addtolength{\topmargin}{-2.49998pt}.

[27]
Underfull \vbox (badness 10000) has occurred while \output is active []



Package fancyhdr Warning: \headheight is too small (12.0pt): 
(fancyhdr)                Make it at least 14.49998pt, for example:
(fancyhdr)                \setlength{\headheight}{14.49998pt}.
(fancyhdr)                You might also make \topmargin smaller:
(fancyhdr)                \addtolength{\topmargin}{-2.49998pt}.

[28]
Underfull \vbox (badness 10000) has occurred while \output is active []



Package fancyhdr Warning: \headheight is too small (12.0pt): 
(fancyhdr)                Make it at least 14.49998pt, for example:
(fancyhdr)                \setlength{\headheight}{14.49998pt}.
(fancyhdr)                You might also make \topmargin smaller:
(fancyhdr)                \addtolength{\topmargin}{-2.49998pt}.

[29]
Underfull \vbox (badness 10000) has occurred while \output is active []



Package fancyhdr Warning: \headheight is too small (12.0pt): 
(fancyhdr)                Make it at least 14.49998pt, for example:
(fancyhdr)                \setlength{\headheight}{14.49998pt}.
(fancyhdr)                You might also make \topmargin smaller:
(fancyhdr)                \addtolength{\topmargin}{-2.49998pt}.

[30]
Underfull \vbox (badness 10000) has occurred while \output is active []



Package fancyhdr Warning: \headheight is too small (12.0pt): 
(fancyhdr)                Make it at least 14.49998pt, for example:
(fancyhdr)                \setlength{\headheight}{14.49998pt}.
(fancyhdr)                You might also make \topmargin smaller:
(fancyhdr)                \addtolength{\topmargin}{-2.49998pt}.

[31]
Underfull \vbox (badness 10000) has occurred while \output is active []



Package fancyhdr Warning: \headheight is too small (12.0pt): 
(fancyhdr)                Make it at least 14.49998pt, for example:
(fancyhdr)                \setlength{\headheight}{14.49998pt}.
(fancyhdr)                You might also make \topmargin smaller:
(fancyhdr)                \addtolength{\topmargin}{-2.49998pt}.

[32]
<assets/pneumonia_heatmap.jpg, id=1049, 238.01967pt x 178.31837pt>
File: assets/pneumonia_heatmap.jpg Graphic file (type jpg)
<use assets/pneumonia_heatmap.jpg>
Package pdftex.def Info: assets/pneumonia_heatmap.jpg  used on input line 201.
(pdftex.def)             Requested size: 238.01909pt x 178.31792pt.


Package fancyhdr Warning: \headheight is too small (12.0pt): 
(fancyhdr)                Make it at least 14.49998pt, for example:
(fancyhdr)                \setlength{\headheight}{14.49998pt}.
(fancyhdr)                You might also make \topmargin smaller:
(fancyhdr)                \addtolength{\topmargin}{-2.49998pt}.

[33 <./assets/pneumonia_heatmap.jpg>]
Underfull \vbox (badness 10000) has occurred while \output is active []



Package fancyhdr Warning: \headheight is too small (12.0pt): 
(fancyhdr)                Make it at least 14.49998pt, for example:
(fancyhdr)                \setlength{\headheight}{14.49998pt}.
(fancyhdr)                You might also make \topmargin smaller:
(fancyhdr)                \addtolength{\topmargin}{-2.49998pt}.

[34]
<assets/federated1.jpg, id=1071, 250.317pt x 251.3025pt>
File: assets/federated1.jpg Graphic file (type jpg)
<use assets/federated1.jpg>
Package pdftex.def Info: assets/federated1.jpg  used on input line 228.
(pdftex.def)             Requested size: 203.83417pt x 204.63908pt.
<assets/federated2.png, id=1072, 237.834pt x 147.825pt>
File: assets/federated2.png Graphic file (type png)
<use assets/federated2.png>
Package pdftex.def Info: assets/federated2.png  used on input line 232.
(pdftex.def)             Requested size: 203.83417pt x 126.69392pt.

Underfull \vbox (badness 10000) has occurred while \output is active []



Package fancyhdr Warning: \headheight is too small (12.0pt): 
(fancyhdr)                Make it at least 14.49998pt, for example:
(fancyhdr)                \setlength{\headheight}{14.49998pt}.
(fancyhdr)                You might also make \topmargin smaller:
(fancyhdr)                \addtolength{\topmargin}{-2.49998pt}.

[35 <./assets/federated1.jpg> <./assets/federated2.png>]
Underfull \vbox (badness 10000) has occurred while \output is active []



Package fancyhdr Warning: \headheight is too small (12.0pt): 
(fancyhdr)                Make it at least 14.49998pt, for example:
(fancyhdr)                \setlength{\headheight}{14.49998pt}.
(fancyhdr)                You might also make \topmargin smaller:
(fancyhdr)                \addtolength{\topmargin}{-2.49998pt}.

[36]
Underfull \vbox (badness 10000) has occurred while \output is active []



Package fancyhdr Warning: \headheight is too small (12.0pt): 
(fancyhdr)                Make it at least 14.49998pt, for example:
(fancyhdr)                \setlength{\headheight}{14.49998pt}.
(fancyhdr)                You might also make \topmargin smaller:
(fancyhdr)                \addtolength{\topmargin}{-2.49998pt}.

[37]
Underfull \vbox (badness 10000) has occurred while \output is active []



Package fancyhdr Warning: \headheight is too small (12.0pt): 
(fancyhdr)                Make it at least 14.49998pt, for example:
(fancyhdr)                \setlength{\headheight}{14.49998pt}.
(fancyhdr)                You might also make \topmargin smaller:
(fancyhdr)                \addtolength{\topmargin}{-2.49998pt}.

[38]
Underfull \vbox (badness 10000) has occurred while \output is active []



Package fancyhdr Warning: \headheight is too small (12.0pt): 
(fancyhdr)                Make it at least 14.49998pt, for example:
(fancyhdr)                \setlength{\headheight}{14.49998pt}.
(fancyhdr)                You might also make \topmargin smaller:
(fancyhdr)                \addtolength{\topmargin}{-2.49998pt}.

[39]
Underfull \vbox (badness 10000) has occurred while \output is active []



Package fancyhdr Warning: \headheight is too small (12.0pt): 
(fancyhdr)                Make it at least 14.49998pt, for example:
(fancyhdr)                \setlength{\headheight}{14.49998pt}.
(fancyhdr)                You might also make \topmargin smaller:
(fancyhdr)                \addtolength{\topmargin}{-2.49998pt}.

[40{C:/Users/Zyad/AppData/Local/Programs/MiKTeX/fonts/enc/dvips/lm/lm-mathsy.en
c}{C:/Users/Zyad/AppData/Local/Programs/MiKTeX/fonts/enc/dvips/lm/lm-rm.enc}]
Underfull \vbox (badness 10000) has occurred while \output is active []



Package fancyhdr Warning: \headheight is too small (12.0pt): 
(fancyhdr)                Make it at least 14.49998pt, for example:
(fancyhdr)                \setlength{\headheight}{14.49998pt}.
(fancyhdr)                You might also make \topmargin smaller:
(fancyhdr)                \addtolength{\topmargin}{-2.49998pt}.

[41]
Overfull \hbox (4.177pt too wide) in paragraph at lines 283--283
[]|\T1/lmr/bx/n/12 (-20) Focus
 []


Underfull \hbox (badness 10000) in paragraph at lines 283--283
[]|\T1/lmr/bx/n/12 (+20) Sub-
 []


Overfull \hbox (6.46648pt too wide) in paragraph at lines 283--283
\T1/lmr/bx/n/12 (-20) category| 
 []


Underfull \hbox (badness 10000) in paragraph at lines 283--283
[]|\T1/lmr/bx/n/12 (+20) Ref.
 []


Underfull \hbox (badness 10000) in paragraph at lines 285--285
[]|\T1/lmr/m/n/12 (+20) LIDC-
 []


Underfull \hbox (badness 10000) in paragraph at lines 285--285
[]|\T1/lmr/m/n/12 (+20) The pro-posed DL-SVM
 []


Underfull \hbox (badness 3525) in paragraph at lines 285--285
\T1/lmr/m/n/12 (+20) model achieved 94% ac-
 []


Underfull \hbox (badness 10000) in paragraph at lines 285--285
\T1/lmr/m/n/12 (+20) cu-racy, out-per-form-ing
 []


Underfull \hbox (badness 3769) in paragraph at lines 285--285
\T1/lmr/m/n/12 (+20) mod-els, stan-dalone deep
 []


Underfull \hbox (badness 10000) in paragraph at lines 285--285
\T1/lmr/m/n/12 (+20) base-line tech-niques for
 []


Underfull \hbox (badness 10000) in paragraph at lines 288--288
[]|\T1/lmr/m/n/12 (+20) Custom
 []


Underfull \hbox (badness 1057) in paragraph at lines 288--288
[]|\T1/lmr/m/n/12 (+20) Kaggle +
 []


Underfull \hbox (badness 10000) in paragraph at lines 288--288
\T1/lmr/m/n/12 (+20) Pri-vate
 []


Underfull \hbox (badness 10000) in paragraph at lines 288--288
[]|\T1/lmr/m/n/12 (+20) The EOSA-CNN model
 []


Underfull \hbox (badness 1168) in paragraph at lines 288--288
\T1/lmr/m/n/12 (+20) and 93% sen-si-tiv-ity, out-
 []


Underfull \hbox (badness 10000) in paragraph at lines 291--291
[]|\T1/lmr/m/n/12 (+20) ML Clas-
 []


Underfull \hbox (badness 10000) in paragraph at lines 291--291
\T1/lmr/m/n/12 (+20) si-fiers +
 []


Underfull \hbox (badness 10000) in paragraph at lines 295--295
[]|\T1/lmr/m/n/12 (+20) Custom
 []


Underfull \hbox (badness 10000) in paragraph at lines 295--295
\T1/lmr/m/n/12 (+20) CNN +
 []


Underfull \hbox (badness 10000) in paragraph at lines 295--295
\T1/lmr/m/n/12 (+20) Dual At-
 []


Underfull \hbox (badness 10000) in paragraph at lines 295--295
\T1/lmr/m/n/12 (+20) ten-tion
 []


Underfull \hbox (badness 10000) in paragraph at lines 295--295
\T1/lmr/m/n/12 (+20) Mech-a-
 []


Underfull \hbox (badness 10000) in paragraph at lines 299--299
[]|\T1/lmr/m/n/12 (+20) LCxNet
 []


Underfull \hbox (badness 10000) in paragraph at lines 299--299
\T1/lmr/m/n/12 (+20) (CNN-
 []


Underfull \hbox (badness 10000) in paragraph at lines 299--299
[]|\T1/lmr/m/n/12 (+20) IQ-
 []


Overfull \hbox (14.50563pt too wide) in paragraph at lines 299--299
\T1/lmr/m/n/12 (-20) OTH/NCCD| 
 []


Underfull \hbox (badness 6332) in paragraph at lines 299--300
\T1/lmr/m/n/12 (+20) speci-ficity, out-per-form-ing
 []


Underfull \hbox (badness 10000) in paragraph at lines 303--303
[]|\T1/lmr/m/n/12 (+20) IQ-
 []


Overfull \hbox (14.50563pt too wide) in paragraph at lines 303--303
\T1/lmr/m/n/12 (-20) OTH/NCCD| 
 []


Underfull \hbox (badness 4084) in paragraph at lines 303--304
\T1/lmr/m/n/12 (+20) 96% ac-cu-racy and used
 []


Underfull \hbox (badness 10000) in paragraph at lines 307--307
[]|\T1/lmr/m/n/12 (+20) Federated
 []


Underfull \hbox (badness 10000) in paragraph at lines 307--308
[]|\T1/lmr/m/n/12 (+20) The fed-er-ated en-sem-
 []


Underfull \hbox (badness 2781) in paragraph at lines 307--308
\T1/lmr/m/n/12 (+20) ble model achieved 97%
 []


Underfull \hbox (badness 10000) in paragraph at lines 307--308
\T1/lmr/m/n/12 (+20) ac-cu-racy with F1-score
 []


Underfull \hbox (badness 10000) in paragraph at lines 307--308
\T1/lmr/m/n/12 (+20) stan-dalone CNNs while
 []


Underfull \hbox (badness 10000) in paragraph at lines 311--311
[]|\T1/lmr/m/n/12 (+20) CNN +
 []


Underfull \hbox (badness 10000) in paragraph at lines 311--311
[]|\T1/lmr/m/n/12 (+20) LIDC-
 []


Underfull \hbox (badness 10000) in paragraph at lines 311--312
[]|\T1/lmr/m/n/12 (+20) The hy-brid CNN^^USVM
 []


Underfull \hbox (badness 4886) in paragraph at lines 311--312
\T1/lmr/m/n/12 (+20) ing tra-di-tional ML and
 []


Underfull \hbox (badness 10000) in paragraph at lines 315--315
[]|\T1/lmr/m/n/12 (+20) LIDC-
 []


Underfull \hbox (badness 5133) in paragraph at lines 315--316
[]|\T1/lmr/m/n/12 (+20) The frame-work achieved
 []


Overfull \hbox (8.17293pt too wide) in paragraph at lines 319--319
[]|\T1/lmr/m/n/12 (-20) Combined| 
 []


Underfull \hbox (badness 10000) in paragraph at lines 319--319
[]|\T1/lmr/m/n/12 (+20) CNN +
 []


Underfull \hbox (badness 10000) in paragraph at lines 319--319
\T1/lmr/m/n/12 (+20) At-ten-tion
 []


Underfull \hbox (badness 10000) in paragraph at lines 319--319
\T1/lmr/m/n/12 (+20) Mech-a-
 []


Underfull \hbox (badness 10000) in paragraph at lines 323--323
[]|\T1/lmr/m/n/12 (+20) Multiple
 []


Underfull \hbox (badness 10000) in paragraph at lines 323--323
\T1/lmr/m/n/12 (+20) CNN-
 []


Underfull \hbox (badness 10000) in paragraph at lines 323--323
\T1/lmr/m/n/12 (+20) Based
 []


Overfull \hbox (8.17293pt too wide) in paragraph at lines 327--327
[]|\T1/lmr/m/n/12 (-20) Combined| 
 []


Underfull \hbox (badness 10000) in paragraph at lines 327--327
[]|\T1/lmr/m/n/12 (+20) Multiple
 []


Underfull \hbox (badness 10000) in paragraph at lines 327--328
[]|\T1/lmr/m/n/12 (+20) U-Net Seg-men-ta-
 []


Underfull \hbox (badness 10000) in paragraph at lines 331--331
[]|\T1/lmr/m/n/12 (+20) MCAT-
 []


Overfull \hbox (8.17293pt too wide) in paragraph at lines 335--335
[]|\T1/lmr/m/n/12 (-20) Combined| 
 []


Underfull \hbox (badness 10000) in paragraph at lines 335--335
[]|\T1/lmr/m/n/12 (+20) SSLKD-
 []


Underfull \hbox (badness 10000) in paragraph at lines 335--336
[]|\T1/lmr/m/n/12 (+20) SSLKD-Unet,Dice Co-ef-
 []


Underfull \hbox (badness 10000) in paragraph at lines 335--336
\T1/lmr/m/n/12 (+20) fi-cient: 93.8%,Sen-si-tiv-
 []


Underfull \hbox (badness 10000) in paragraph at lines 335--336
\T1/lmr/m/n/12 (+20) ity: 94.2%,Speci-ficity:
 []


Underfull \hbox (badness 10000) in paragraph at lines 335--336
\T1/lmr/m/n/12 (+20) 96.1%,Pixel Ac-cu-racy:
 []


Underfull \hbox (badness 10000) in paragraph at lines 339--339
[]|\T1/lmr/m/n/12 (+20) Faster
 []


Underfull \hbox (badness 10000) in paragraph at lines 339--340
[]|\T1/lmr/m/n/12 (+20) LUNA16: Pre-ci-
 []


Underfull \hbox (badness 10000) in paragraph at lines 339--340
\T1/lmr/m/n/12 (+20) 90: 33.3%, NODE21:
 []


Underfull \hbox (badness 2197) in paragraph at lines 339--340
\T1/lmr/m/n/12 (+20) Pre-ci-sion: 0.895, Re-call:
 []


Underfull \hbox (badness 1005) in paragraph at lines 339--340
\T1/lmr/m/n/12 (+20) 88.3%, mAP@50: 89.1%,
 []


Underfull \hbox (badness 10000) in paragraph at lines 339--340
\T1/lmr/m/n/12 (+20) mAP@50-90: 51.4%,
 []


Underfull \hbox (badness 10000) in paragraph at lines 343--343
[]|\T1/lmr/m/n/12 (+20) Multiple
 []


Underfull \hbox (badness 10000) in paragraph at lines 343--343
\T1/lmr/m/n/12 (+20) YOLO
 []


Underfull \hbox (badness 10000) in paragraph at lines 343--344
[]|\T1/lmr/m/n/12 (+20) SwiF-YOLO: Pre-
 []


Underfull \hbox (badness 10000) in paragraph at lines 343--344
\T1/lmr/m/n/12 (+20) ci-sion: 84.54%,Re-
 []


Underfull \hbox (badness 10000) in paragraph at lines 343--344
\T1/lmr/m/n/12 (+20) call: 81.37%,mAP:
 []


Underfull \hbox (badness 10000) in paragraph at lines 343--344
\T1/lmr/m/n/12 (+20) 83.17%,YOLOx-M (base-
 []


Overfull \hbox (8.17293pt too wide) in paragraph at lines 347--347
[]|\T1/lmr/m/n/12 (-20) Combined| 
 []


Underfull \hbox (badness 10000) in paragraph at lines 347--347
[]|\T1/lmr/m/n/12 (+20) CNN,
 []


Underfull \hbox (badness 10000) in paragraph at lines 347--347
\T1/lmr/m/n/12 (+20) YOLOv8
 []


Underfull \hbox (badness 10000) in paragraph at lines 347--347
[]|\T1/lmr/m/n/12 (+20) LIDC-
 []


Underfull \hbox (badness 1127) in paragraph at lines 347--348
\T1/lmr/m/n/12 (+20) mAP50 0.356, mAP50-95
 []


Underfull \hbox (badness 2326) in paragraph at lines 347--348
\T1/lmr/m/n/12 (+20) 0.296, YOLOv8s: Pre-ci-
 []


Underfull \hbox (badness 5345) in paragraph at lines 347--348
\T1/lmr/m/n/12 (+20) (Best): Pre-ci-sion 0.873,
 []


Underfull \hbox (badness 1127) in paragraph at lines 347--348
\T1/lmr/m/n/12 (+20) mAP50 0.535, mAP50-95
 []


Underfull \hbox (badness 10000) in paragraph at lines 351--351
[]|\T1/lmr/m/n/12 (+20) Multiple
 []


Underfull \hbox (badness 10000) in paragraph at lines 351--351
\T1/lmr/m/n/12 (+20) YOLO
 []


Underfull \hbox (badness 10000) in paragraph at lines 351--352
\T1/lmr/m/n/12 (+20) Sen-si-tiv-ity 85.2%,Faster-
 []


Underfull \hbox (badness 10000) in paragraph at lines 351--352
\T1/lmr/m/n/12 (+20) RCNN (ResNet101):
 []


Underfull \hbox (badness 10000) in paragraph at lines 351--352
\T1/lmr/m/n/12 (+20) AP 79.2%, Sen-si-tiv-ity
 []


Underfull \hbox (badness 10000) in paragraph at lines 351--352
\T1/lmr/m/n/12 (+20) 91.6%,Faster-RCNN
 []


Underfull \hbox (badness 10000) in paragraph at lines 351--352
\T1/lmr/m/n/12 (+20) (VGG16): AP 81.4%,
 []


Overfull \hbox (8.17293pt too wide) in paragraph at lines 355--355
[]|\T1/lmr/m/n/12 (-20) Combined| 
 []


Underfull \hbox (badness 10000) in paragraph at lines 355--355
[]|\T1/lmr/m/n/12 (+20) Multiple
 []


Underfull \hbox (badness 10000) in paragraph at lines 355--355
\T1/lmr/m/n/12 (+20) 3D Mod-
 []


Underfull \hbox (badness 10000) in paragraph at lines 355--355
\T1/lmr/m/n/12 (+20) els with
 []


Underfull \hbox (badness 10000) in paragraph at lines 355--355
\T1/lmr/m/n/12 (+20) YOLO
 []


Underfull \hbox (badness 10000) in paragraph at lines 355--356
[]|\T1/lmr/m/n/12 (+20) (3D Res-U-Net):Dice
 []


Underfull \hbox (badness 10000) in paragraph at lines 355--356
\T1/lmr/m/n/12 (+20) Score: 98.82% (95%
 []


Underfull \hbox (badness 10000) in paragraph at lines 355--356
\T1/lmr/m/n/12 (+20) CI: 98.5^^U99.1%),F1-
 []


Underfull \hbox (badness 10000) in paragraph at lines 359--359
[]|\T1/lmr/m/n/12 (+20) Custom
 []


Underfull \hbox (badness 6859) in paragraph at lines 359--359
\T1/lmr/m/n/12 (+20) Pneu-mo-nia 99.66%, No-
 []


Underfull \hbox (badness 4699) in paragraph at lines 359--359
\T1/lmr/m/n/12 (+20) lo-sis 98.10%, COVID-19
 []


Underfull \hbox (badness 10000) in paragraph at lines 361--361
[]|\T1/lmr/m/n/12 (+20) Accuracy: 97% (us-ing
 []


Underfull \hbox (badness 10000) in paragraph at lines 363--363
[]|\T1/lmr/m/n/12 (+20) Custom
 []


Underfull \hbox (badness 1377) in paragraph at lines 363--363
[]|\T1/lmr/m/n/12 (+20) TB vs Pneu-mo-nia clas-si-
 []


Underfull \hbox (badness 10000) in paragraph at lines 365--365
[]|\T1/lmr/m/n/12 (+20) Custom
 []


Underfull \hbox (badness 10000) in paragraph at lines 365--365
[]|\T1/lmr/m/n/12 (+20) VinDr-
 []


Underfull \hbox (badness 1297) in paragraph at lines 365--365
\T1/lmr/m/n/12 (+20) 96.8% (from micro-F1 $\OMS/lmsy/m/n/12 ^^Y$
 []


Underfull \hbox (badness 2050) in paragraph at lines 365--365
\T1/lmr/m/n/12 (+20) 0.968) Lo-cal-iza-tion Ac-cu-
 []


Underfull \hbox (badness 10000) in paragraph at lines 367--367
[]|\T1/lmr/m/n/12 (+20) VGG16,
 []


Underfull \hbox (badness 10000) in paragraph at lines 367--367
\T1/lmr/m/n/12 (+20) DenseNet-
 []


Underfull \hbox (badness 10000) in paragraph at lines 367--367
\T1/lmr/m/n/12 (+20) 161 and
 []


Underfull \hbox (badness 10000) in paragraph at lines 367--367
[]|\T1/lmr/m/n/12 (+20) Custom
 []


Underfull \hbox (badness 10000) in paragraph at lines 367--367
\T1/lmr/m/n/12 (+20) clin-i-cal
 []


Underfull \hbox (badness 10000) in paragraph at lines 367--367
\T1/lmr/m/n/12 (+20) dataset
 []


Underfull \hbox (badness 10000) in paragraph at lines 367--367
\T1/lmr/m/n/12 (+20) col-lected
 []


Underfull \hbox (badness 10000) in paragraph at lines 367--367
\T1/lmr/m/n/12 (+20) and la-
 []


Underfull \hbox (badness 10000) in paragraph at lines 367--367
[]|\T1/lmr/m/n/12 (+20) Normal/Pneumonia/TB/
 []


Underfull \hbox (badness 10000) in paragraph at lines 367--367
\T1/lmr/m/n/12 (+20) COVID-19 clas-si-fi-ca-
 []


Overfull \hbox (3.52791pt too wide) in paragraph at lines 367--367
\T1/lmr/m/n/12 (-20) Normal/Pneumonia/COVID-
 []


Underfull \hbox (badness 10000) in paragraph at lines 367--367
\T1/lmr/m/n/12 (+20) 19 clas-si-fi-ca-tion (via
 []


Underfull \hbox (badness 4341) in paragraph at lines 367--367
\T1/lmr/m/n/12 (+20) DenseNet-161): 98.9% .
 []


Underfull \hbox (badness 1147) in paragraph at lines 367--367
\T1/lmr/m/n/12 (+20) COVID-19 sever-ity clas-si-
 []


Underfull \hbox (badness 5970) in paragraph at lines 367--367
\T1/lmr/m/n/12 (+20) fi-ca-tion (via ResNet-18):
 []


Underfull \hbox (badness 10000) in paragraph at lines 369--369
[]|\T1/lmr/m/n/12 (+20) Custom
 []


Underfull \hbox (badness 10000) in paragraph at lines 371--371
[]|\T1/lmr/m/n/12 (+20) Custom
 []


Underfull \hbox (badness 4686) in paragraph at lines 371--371
\T1/lmr/m/n/12 (+20) CNN and
 []


Underfull \hbox (badness 10000) in paragraph at lines 371--371
[]|\T1/lmr/m/n/12 (+20) Kaggle
 []


Underfull \hbox (badness 2894) in paragraph at lines 371--371
\T1/lmr/m/n/12 (+20) & pub-lic
 []


Underfull \hbox (badness 10000) in paragraph at lines 371--371
\T1/lmr/m/n/12 (+20) dataset
 []


Underfull \hbox (badness 10000) in paragraph at lines 371--371
\T1/lmr/m/n/12 (+20) from
 []


Underfull \hbox (badness 10000) in paragraph at lines 371--371
\T1/lmr/m/n/12 (+20) 95.18% , Mo-bileNet :
 []


Overfull \hbox (10.1288pt too wide) in paragraph at lines 373--373
[]|\T1/lmr/m/n/12 (-20) DenseNet201,
 []


Overfull \hbox (11.1172pt too wide) in paragraph at lines 373--373
\T1/lmr/m/n/12 (-20) ResNet152V2| 
 []


Overfull \hbox (2.42755pt too wide) in paragraph at lines 375--375
[]|\T1/lmr/m/n/12 (-20) Explainable
 []


Underfull \hbox (badness 10000) in paragraph at lines 375--375
\T1/lmr/m/n/12 (+20) based on
 []


Underfull \hbox (badness 10000) in paragraph at lines 375--375
\T1/lmr/m/n/12 (+20) DenseNet-
 []


Underfull \hbox (badness 10000) in paragraph at lines 375--375
[]|\T1/lmr/m/n/12 (+20) The pro-posed ex-plain-
 []


Underfull \hbox (badness 1365) in paragraph at lines 375--375
\T1/lmr/m/n/12 (+20) able DenseNet-201 model
 []


Underfull \hbox (badness 1874) in paragraph at lines 375--375
\T1/lmr/m/n/12 (+20) tion ac-cu-racy of 98.08%,
 []


Underfull \hbox (badness 2111) in paragraph at lines 375--375
\T1/lmr/m/n/12 (+20) ex-pla-na-tions (Grad-CAM)
 []


Underfull \hbox (badness 1270) in paragraph at lines 375--375
\T1/lmr/m/n/12 (+20) to build trust and in-ter-
 []


Underfull \hbox (badness 10000) in paragraph at lines 375--375
\T1/lmr/m/n/12 (+20) pretabil-ity for clin-i-cal
 []


Underfull \hbox (badness 4686) in paragraph at lines 377--377
[]|\T1/lmr/m/n/12 (+20) CNN and
 []


Underfull \hbox (badness 10000) in paragraph at lines 377--377
\T1/lmr/m/n/12 (+20) Vi-sion
 []


Underfull \hbox (badness 10000) in paragraph at lines 377--377
\T1/lmr/m/n/12 (+20) Trans-
 []


Underfull \hbox (badness 10000) in paragraph at lines 379--379
[]|\T1/lmr/m/n/12 (+20) Review
 []


Underfull \hbox (badness 10000) in paragraph at lines 379--379
\T1/lmr/m/n/12 (+20) of var-i-
 []


Underfull \hbox (badness 10000) in paragraph at lines 379--379
\T1/lmr/m/n/12 (+20) ous Deep
 []


Underfull \hbox (badness 10000) in paragraph at lines 379--379
\T1/lmr/m/n/12 (+20) Learn-ing
 []


Underfull \hbox (badness 10000) in paragraph at lines 379--379
\T1/lmr/m/n/12 (+20) mod-els
 []


Underfull \hbox (badness 10000) in paragraph at lines 379--379
\T1/lmr/m/n/12 (+20) and XAI
 []


Underfull \hbox (badness 10000) in paragraph at lines 379--379
\T1/lmr/m/n/12 (+20) tech-niques
 []


Underfull \hbox (badness 10000) in paragraph at lines 379--379
\T1/lmr/m/n/12 (+20) CAM,
 []


Underfull \hbox (badness 10000) in paragraph at lines 379--379
\T1/lmr/m/n/12 (+20) med-i-cal
 []


Underfull \hbox (badness 10000) in paragraph at lines 379--379
\T1/lmr/m/n/12 (+20) im-age
 []


Underfull \hbox (badness 10000) in paragraph at lines 379--379
\T1/lmr/m/n/12 (+20) anal-y-sis
 []


Underfull \hbox (badness 10000) in paragraph at lines 381--381
[]|\T1/lmr/m/n/12 (+20) Custom
 []


Underfull \hbox (badness 10000) in paragraph at lines 381--381
\T1/lmr/m/n/12 (+20) Grad-
 []


Underfull \hbox (badness 1721) in paragraph at lines 381--381
\T1/lmr/m/n/12 (+20) CAM and
 []


Underfull \hbox (badness 10000) in paragraph at lines 383--383
[]|\T1/lmr/m/n/12 (+20) Ensemble
 []


Underfull \hbox (badness 10000) in paragraph at lines 383--383
\T1/lmr/m/n/12 (+20) of
 []


Overfull \hbox (10.1288pt too wide) in paragraph at lines 383--383
\T1/lmr/m/n/12 (-20) DenseNet201,
 []


Underfull \hbox (badness 10000) in paragraph at lines 383--383
\T1/lmr/m/n/12 (+20) In-cep-tion-
 []


Underfull \hbox (badness 10000) in paragraph at lines 383--383
\T1/lmr/m/n/12 (+20) Res-NetV2,
 []


Underfull \hbox (badness 10000) in paragraph at lines 383--383
\T1/lmr/m/n/12 (+20) Xcep-tion
 []


Underfull \hbox (badness 10000) in paragraph at lines 385--385
[]|\T1/lmr/m/n/12 (+20) Federated
 []


Underfull \hbox (badness 10000) in paragraph at lines 385--385
\T1/lmr/m/n/12 (+20) Learn-ing
 []


Underfull \hbox (badness 10000) in paragraph at lines 385--385
\T1/lmr/m/n/12 (+20) (Fe-dAvg)
 []


Underfull \hbox (badness 10000) in paragraph at lines 385--385
\T1/lmr/m/n/12 (+20) with a
 []


Underfull \hbox (badness 10000) in paragraph at lines 385--385
\T1/lmr/m/n/12 (+20) ResNet-
 []


Underfull \hbox (badness 10000) in paragraph at lines 385--385
\T1/lmr/m/n/12 (+20) based
 []


Underfull \hbox (badness 10000) in paragraph at lines 385--385
\T1/lmr/m/n/12 (+20) back-bone
 []


Underfull \hbox (badness 10000) in paragraph at lines 385--385
\T1/lmr/m/n/12 (+20) age de-
 []


Underfull \hbox (badness 10000) in paragraph at lines 385--385
[]|\T1/lmr/m/n/12 (+20) Multi-
 []


Overfull \hbox (10.26292pt too wide) in paragraph at lines 385--385
\T1/lmr/m/n/12 (-20) institutional
 []


Underfull \hbox (badness 10000) in paragraph at lines 385--385
\T1/lmr/m/n/12 (+20) chest
 []


Underfull \hbox (badness 10000) in paragraph at lines 385--385
\T1/lmr/m/n/12 (+20) X-ray
 []


Underfull \hbox (badness 10000) in paragraph at lines 387--387
[]|\T1/lmr/m/n/12 (+20) Federated
 []


Underfull \hbox (badness 10000) in paragraph at lines 387--387
\T1/lmr/m/n/12 (+20) Av-er-ag-ing
 []


Underfull \hbox (badness 10000) in paragraph at lines 387--387
\T1/lmr/m/n/12 (+20) (Fe-dAvg)
 []


Underfull \hbox (badness 10000) in paragraph at lines 387--387
\T1/lmr/m/n/12 (+20) al-go-rithm
 []


Underfull \hbox (badness 10000) in paragraph at lines 387--387
\T1/lmr/m/n/12 (+20) with a
 []


Underfull \hbox (badness 10000) in paragraph at lines 387--387
\T1/lmr/m/n/12 (+20) DenseNet-
 []


Underfull \hbox (badness 6608) in paragraph at lines 387--387
\T1/lmr/m/n/12 (+20) 121 ar-chi-
 []


Underfull \hbox (badness 10000) in paragraph at lines 387--387
\T1/lmr/m/n/12 (+20) tec-ture
 []


Underfull \hbox (badness 10000) in paragraph at lines 387--387
\T1/lmr/m/n/12 (+20) as the
 []


Underfull \hbox (badness 1721) in paragraph at lines 387--387
\T1/lmr/m/n/12 (+20) core CNN
 []


Underfull \hbox (badness 10000) in paragraph at lines 387--387
[]|\T1/lmr/m/n/12 (+20) Chest
 []


Underfull \hbox (badness 10000) in paragraph at lines 387--387
\T1/lmr/m/n/12 (+20) mul-ti-ple
 []


Underfull \hbox (badness 10000) in paragraph at lines 389--389
[]|\T1/lmr/m/n/12 (+20) Federated
 []


Underfull \hbox (badness 10000) in paragraph at lines 389--389
\T1/lmr/m/n/12 (+20) Trans-fer
 []


Underfull \hbox (badness 10000) in paragraph at lines 389--389
\T1/lmr/m/n/12 (+20) Learn-ing
 []


Underfull \hbox (badness 10000) in paragraph at lines 389--389
\T1/lmr/m/n/12 (+20) us-ing a
 []


Underfull \hbox (badness 10000) in paragraph at lines 389--389
\T1/lmr/m/n/12 (+2) pre-trained
 []


Underfull \hbox (badness 10000) in paragraph at lines 389--389
\T1/lmr/m/n/12 (+20) ResNet-50
 []


Underfull \hbox (badness 10000) in paragraph at lines 389--389
\T1/lmr/m/n/12 (+20) model,
 []


Underfull \hbox (badness 10000) in paragraph at lines 389--389
\T1/lmr/m/n/12 (+20) fine-tuned
 []


Underfull \hbox (badness 10000) in paragraph at lines 389--389
\T1/lmr/m/n/12 (+20) col-lab-o-
 []


Underfull \hbox (badness 10000) in paragraph at lines 389--389
\T1/lmr/m/n/12 (+20) ra-tively
 []


Underfull \hbox (badness 10000) in paragraph at lines 389--389
\T1/lmr/m/n/12 (+20) across
 []


Underfull \hbox (badness 10000) in paragraph at lines 389--389
[]|\T1/lmr/m/n/12 (-7) Collection
 []


Underfull \hbox (badness 3919) in paragraph at lines 391--391
[]|\T1/lmr/m/n/12 (+20) A cus-tom
 []


Underfull \hbox (badness 10000) in paragraph at lines 391--391
\T1/lmr/m/n/12 (+20) Fed-er-ated
 []


Underfull \hbox (badness 10000) in paragraph at lines 391--391
\T1/lmr/m/n/12 (+20) Learn-ing
 []


Underfull \hbox (badness 10000) in paragraph at lines 391--391
\T1/lmr/m/n/12 (+20) frame-work
 []


Underfull \hbox (badness 10000) in paragraph at lines 391--391
\T1/lmr/m/n/12 (+20) us-ing a
 []


Underfull \hbox (badness 10000) in paragraph at lines 391--391
\T1/lmr/m/n/12 (+20) spe-cial-ized
 []


Underfull \hbox (badness 10000) in paragraph at lines 391--391
\T1/lmr/m/n/12 (+6) Composite-
 []


Overfull \hbox (8.17293pt too wide) in paragraph at lines 393--393
[]|\T1/lmr/m/n/12 (-20) Combined| 
 []


Underfull \hbox (badness 10000) in paragraph at lines 393--393
[]|\T1/lmr/m/n/12 (+20) A Fed-
 []


Underfull \hbox (badness 10000) in paragraph at lines 393--393
\T1/lmr/m/n/12 (+20) er-ated
 []


Underfull \hbox (badness 10000) in paragraph at lines 393--393
\T1/lmr/m/n/12 (+20) Learning-
 []


Underfull \hbox (badness 10000) in paragraph at lines 393--393
\T1/lmr/m/n/12 (+20) based
 []


Underfull \hbox (badness 10000) in paragraph at lines 393--393
\T1/lmr/m/n/12 (+20) Real-Time
 []


Underfull \hbox (badness 10000) in paragraph at lines 393--393
\T1/lmr/m/n/12 (+20) En-sem-ble
 []


Underfull \hbox (badness 10000) in paragraph at lines 393--393
\T1/lmr/m/n/12 (+20) Model
 []


Underfull \hbox (badness 10000) in paragraph at lines 393--393
\T1/lmr/m/n/12 (+20) com-bin-ing
 []


Underfull \hbox (badness 10000) in paragraph at lines 393--393
\T1/lmr/m/n/12 (+20) mul-ti-ple
 []


Underfull \hbox (badness 10000) in paragraph at lines 393--393
\T1/lmr/m/n/12 (+20) CNNs
 []


Underfull \hbox (badness 10000) in paragraph at lines 393--393
\T1/lmr/m/n/12 (+20) (VGG16,
 []


Underfull \hbox (badness 10000) in paragraph at lines 393--393
\T1/lmr/m/n/12 (+20) ResNet)
 []


Underfull \hbox (badness 6348) in paragraph at lines 393--393
\T1/lmr/m/n/12 (+20) with XAI
 []


Underfull \hbox (badness 10000) in paragraph at lines 393--393
\T1/lmr/m/n/12 (+20) tech-niques
 []


Underfull \hbox (badness 3250) in paragraph at lines 393--393
\T1/lmr/m/n/12 (+20) like Grad-
 []


Overfull \hbox (8.17293pt too wide) in paragraph at lines 395--395
[]|\T1/lmr/m/n/12 (-20) Combined| 
 []


Underfull \hbox (badness 10000) in paragraph at lines 395--395
[]|\T1/lmr/m/n/12 (+20) A Fed-er-
 []


Underfull \hbox (badness 10000) in paragraph at lines 395--395
\T1/lmr/m/n/12 (+20) Learn-ing
 []


Underfull \hbox (badness 10000) in paragraph at lines 395--395
\T1/lmr/m/n/12 (+20) frame-work
 []


Underfull \hbox (badness 10000) in paragraph at lines 395--395
\T1/lmr/m/n/12 (+20) us-ing a
 []


Underfull \hbox (badness 10000) in paragraph at lines 395--395
\T1/lmr/m/n/12 (+20) cus-tom
 []


Underfull \hbox (badness 10000) in paragraph at lines 395--395
\T1/lmr/m/n/12 (+20) CNN ar-
 []


Underfull \hbox (badness 10000) in paragraph at lines 395--395
\T1/lmr/m/n/12 (+20) chi-tec-ture
 []


Underfull \hbox (badness 10000) in paragraph at lines 395--395
\T1/lmr/m/n/12 (+20) in-te-grated
 []


Underfull \hbox (badness 6348) in paragraph at lines 395--395
\T1/lmr/m/n/12 (+20) with XAI
 []


Underfull \hbox (badness 10000) in paragraph at lines 395--395
\T1/lmr/m/n/12 (+20) meth-ods
 []


Underfull \hbox (badness 10000) in paragraph at lines 395--395
\T1/lmr/m/n/12 (+20) such as
 []


Underfull \hbox (badness 10000) in paragraph at lines 395--395
\T1/lmr/m/n/12 (+20) SHAP
 []


Underfull \hbox (badness 4660) in paragraph at lines 395--395
\T1/lmr/m/n/12 (+20) for model
 []


Underfull \hbox (badness 10000) in paragraph at lines 395--395
\T1/lmr/m/n/12 (+20) in-ter-pre-ta-
 []


Underfull \hbox (badness 10000) in paragraph at lines 395--395
[]|\T1/lmr/m/n/12 (+20) Chest
 []


Underfull \hbox (badness 10000) in paragraph at lines 395--395
\T1/lmr/m/n/12 (+20) X-ray
 []


Underfull \hbox (badness 10000) in paragraph at lines 395--395
\T1/lmr/m/n/12 (+20) im-ages
 []


Underfull \hbox (badness 3240) in paragraph at lines 395--395
\T1/lmr/m/n/12 (+20) from dis-
 []


Underfull \hbox (badness 10000) in paragraph at lines 395--395
\T1/lmr/m/n/12 (+20) tributed
 []


Underfull \hbox (badness 10000) in paragraph at lines 395--395
[]|\T1/lmr/m/n/12 (+20) The pro-posed FLP-neX-
 []


Overfull \hbox (8.17293pt too wide) in paragraph at lines 397--397
[]|\T1/lmr/m/n/12 (-20) Combined| 
 []


Underfull \hbox (badness 10000) in paragraph at lines 397--397
[]|\T1/lmr/m/n/12 (+20) A Se-cure
 []


Underfull \hbox (badness 10000) in paragraph at lines 397--397
\T1/lmr/m/n/12 (+20) Frame-
 []


Underfull \hbox (badness 10000) in paragraph at lines 397--397
\T1/lmr/m/n/12 (+20) MapRe-
 []


Underfull \hbox (badness 10000) in paragraph at lines 397--397
\T1/lmr/m/n/12 (+20) duce,
 []


Underfull \hbox (badness 10000) in paragraph at lines 397--397
\T1/lmr/m/n/12 (-12) Blockchain-
 []


Underfull \hbox (badness 10000) in paragraph at lines 397--397
\T1/lmr/m/n/12 (+20) based
 []


Underfull \hbox (badness 10000) in paragraph at lines 397--397
\T1/lmr/m/n/12 (+20) Fed-er-ated
 []


Underfull \hbox (badness 10000) in paragraph at lines 397--397
\T1/lmr/m/n/12 (+20) Learn-ing,
 []


Underfull \hbox (badness 10000) in paragraph at lines 397--397
\T1/lmr/m/n/12 (+20) and XAI
 []


Underfull \hbox (badness 10000) in paragraph at lines 397--397
\T1/lmr/m/n/12 (+20) with a
 []


Underfull \hbox (badness 10000) in paragraph at lines 397--397
\T1/lmr/m/n/12 (+20) DenseNet-
 []


Underfull \hbox (badness 10000) in paragraph at lines 397--397
[]|\T1/lmr/m/n/12 (+20) Multi-
 []


Underfull \hbox (badness 10000) in paragraph at lines 397--397
\T1/lmr/m/n/12 (+20) source
 []


Underfull \hbox (badness 5147) in paragraph at lines 397--397
\T1/lmr/m/n/12 (+20) CT scan
 []


Package fancyhdr Warning: \headheight is too small (12.0pt): 
(fancyhdr)                Make it at least 14.49998pt, for example:
(fancyhdr)                \setlength{\headheight}{14.49998pt}.
(fancyhdr)                You might also make \topmargin smaller:
(fancyhdr)                \addtolength{\topmargin}{-2.49998pt}.

[42]

Package fancyhdr Warning: \headheight is too small (12.0pt): 
(fancyhdr)                Make it at least 14.49998pt, for example:
(fancyhdr)                \setlength{\headheight}{14.49998pt}.
(fancyhdr)                You might also make \topmargin smaller:
(fancyhdr)                \addtolength{\topmargin}{-2.49998pt}.

[43]

Package fancyhdr Warning: \headheight is too small (12.0pt): 
(fancyhdr)                Make it at least 14.49998pt, for example:
(fancyhdr)                \setlength{\headheight}{14.49998pt}.
(fancyhdr)                You might also make \topmargin smaller:
(fancyhdr)                \addtolength{\topmargin}{-2.49998pt}.

[44]

Package fancyhdr Warning: \headheight is too small (12.0pt): 
(fancyhdr)                Make it at least 14.49998pt, for example:
(fancyhdr)                \setlength{\headheight}{14.49998pt}.
(fancyhdr)                You might also make \topmargin smaller:
(fancyhdr)                \addtolength{\topmargin}{-2.49998pt}.

[45]

Package fancyhdr Warning: \headheight is too small (12.0pt): 
(fancyhdr)                Make it at least 14.49998pt, for example:
(fancyhdr)                \setlength{\headheight}{14.49998pt}.
(fancyhdr)                You might also make \topmargin smaller:
(fancyhdr)                \addtolength{\topmargin}{-2.49998pt}.

[46]

Package fancyhdr Warning: \headheight is too small (12.0pt): 
(fancyhdr)                Make it at least 14.49998pt, for example:
(fancyhdr)                \setlength{\headheight}{14.49998pt}.
(fancyhdr)                You might also make \topmargin smaller:
(fancyhdr)                \addtolength{\topmargin}{-2.49998pt}.

[47]

Package fancyhdr Warning: \headheight is too small (12.0pt): 
(fancyhdr)                Make it at least 14.49998pt, for example:
(fancyhdr)                \setlength{\headheight}{14.49998pt}.
(fancyhdr)                You might also make \topmargin smaller:
(fancyhdr)                \addtolength{\topmargin}{-2.49998pt}.

[48]
Underfull \vbox (badness 10000) has occurred while \output is active []



Package fancyhdr Warning: \headheight is too small (12.0pt): 
(fancyhdr)                Make it at least 14.49998pt, for example:
(fancyhdr)                \setlength{\headheight}{14.49998pt}.
(fancyhdr)                You might also make \topmargin smaller:
(fancyhdr)                \addtolength{\topmargin}{-2.49998pt}.

[49]
Underfull \hbox (badness 10000) in paragraph at lines 410--411
[]|\T1/lmr/bx/n/12 (+20) Total Im-
 []


Underfull \hbox (badness 10000) in paragraph at lines 416--416
[]|\T1/lmr/m/n/12 (+20) COVID-19 &
 []


Underfull \hbox (badness 10000) in paragraph at lines 416--416
\T1/lmr/m/n/12 (+20) Pneu-mo-nia &
 []


Underfull \hbox (badness 10000) in paragraph at lines 416--416
\T1/lmr/m/n/12 (+20) Tu-ber-cu-lo-sis
 []


Underfull \hbox (badness 10000) in paragraph at lines 421--421
[]|\T1/lmr/m/n/12 (+20) Chest X-ray
 []


Underfull \hbox (badness 1314) in paragraph at lines 424--425
[]|$\OT1/lmr/m/n/12 (+20) 6[]106$ \T1/lmr/m/n/12 (+20) im-ages
 []


Underfull \hbox (badness 10000) in paragraph at lines 424--425
\T1/lmr/m/n/12 (+20) with cor-re-
 []


Underfull \hbox (badness 10000) in paragraph at lines 424--425
\T1/lmr/m/n/12 (+20) spond-ing
 []


Overfull \hbox (23.82338pt too wide) in paragraph at lines 408--432
 [][] 
 []

<assets/aidoc.png, id=1199, 391.572pt x 158.994pt>
File: assets/aidoc.png Graphic file (type png)
<use assets/aidoc.png>
Package pdftex.def Info: assets/aidoc.png  used on input line 444.
(pdftex.def)             Requested size: 226.48395pt x 91.96184pt.

LaTeX Warning: `h' float specifier changed to `ht'.

<assets/vizai.png, id=1200, 371.862pt x 171.8055pt>
File: assets/vizai.png Graphic file (type png)
<use assets/vizai.png>
Package pdftex.def Info: assets/vizai.png  used on input line 451.
(pdftex.def)             Requested size: 226.48395pt x 104.63866pt.

Underfull \vbox (badness 1910) has occurred while \output is active []



Package fancyhdr Warning: \headheight is too small (12.0pt): 
(fancyhdr)                Make it at least 14.49998pt, for example:
(fancyhdr)                \setlength{\headheight}{14.49998pt}.
(fancyhdr)                You might also make \topmargin smaller:
(fancyhdr)                \addtolength{\topmargin}{-2.49998pt}.

[50{C:/Users/Zyad/AppData/Local/Programs/MiKTeX/fonts/enc/dvips/lm/lm-mathit.en
c}]
<assets/qure.png, id=1207, 346.239pt x 175.419pt>
File: assets/qure.png Graphic file (type png)
<use assets/qure.png>
Package pdftex.def Info: assets/qure.png  used on input line 458.
(pdftex.def)             Requested size: 226.48395pt x 114.74637pt.


Package fancyhdr Warning: \headheight is too small (12.0pt): 
(fancyhdr)                Make it at least 14.49998pt, for example:
(fancyhdr)                \setlength{\headheight}{14.49998pt}.
(fancyhdr)                You might also make \topmargin smaller:
(fancyhdr)                \addtolength{\topmargin}{-2.49998pt}.

[51 <./assets/aidoc.png> <./assets/vizai.png> <./assets/qure.png>]

Package fancyhdr Warning: \headheight is too small (12.0pt): 
(fancyhdr)                Make it at least 14.49998pt, for example:
(fancyhdr)                \setlength{\headheight}{14.49998pt}.
(fancyhdr)                You might also make \topmargin smaller:
(fancyhdr)                \addtolength{\topmargin}{-2.49998pt}.

[52]) [53


]
\openout2 = `chapters/chapter3.aux'.

 (chapters/chapter3.tex
Chapter 3.
(chapters/Chapter3/Solution Architecture.tex
Underfull \vbox (badness 10000) has occurred while \output is active []



Package fancyhdr Warning: \headheight is too small (12.0pt): 
(fancyhdr)                Make it at least 14.49998pt, for example:
(fancyhdr)                \setlength{\headheight}{14.49998pt}.
(fancyhdr)                You might also make \topmargin smaller:
(fancyhdr)                \addtolength{\topmargin}{-2.49998pt}.

[54


]
<assets/full_project_arch.png, id=1232, 1187.93813pt x 536.75531pt>
File: assets/full_project_arch.png Graphic file (type png)
<use assets/full_project_arch.png>
Package pdftex.def Info: assets/full_project_arch.png  used on input line 14.
(pdftex.def)             Requested size: 452.9679pt x 204.6653pt.


Package fancyhdr Warning: \headheight is too small (12.0pt): 
(fancyhdr)                Make it at least 14.49998pt, for example:
(fancyhdr)                \setlength{\headheight}{14.49998pt}.
(fancyhdr)                You might also make \topmargin smaller:
(fancyhdr)                \addtolength{\topmargin}{-2.49998pt}.

[55 <./assets/full_project_arch.png (PNG copy)>]
Underfull \vbox (badness 10000) has occurred while \output is active []



Package fancyhdr Warning: \headheight is too small (12.0pt): 
(fancyhdr)                Make it at least 14.49998pt, for example:
(fancyhdr)                \setlength{\headheight}{14.49998pt}.
(fancyhdr)                You might also make \topmargin smaller:
(fancyhdr)                \addtolength{\topmargin}{-2.49998pt}.

[56]
<assets/classification_tree.png, id=1242, 1339.25343pt x 743.02594pt>
File: assets/classification_tree.png Graphic file (type png)
<use assets/classification_tree.png>
Package pdftex.def Info: assets/classification_tree.png  used on input line 47.

(pdftex.def)             Requested size: 362.37569pt x 201.03917pt.


Package fancyhdr Warning: \headheight is too small (12.0pt): 
(fancyhdr)                Make it at least 14.49998pt, for example:
(fancyhdr)                \setlength{\headheight}{14.49998pt}.
(fancyhdr)                You might also make \topmargin smaller:
(fancyhdr)                \addtolength{\topmargin}{-2.49998pt}.

[57 <./assets/classification_tree.png (PNG copy)>]
Underfull \vbox (badness 10000) has occurred while \output is active []



Package fancyhdr Warning: \headheight is too small (12.0pt): 
(fancyhdr)                Make it at least 14.49998pt, for example:
(fancyhdr)                \setlength{\headheight}{14.49998pt}.
(fancyhdr)                You might also make \topmargin smaller:
(fancyhdr)                \addtolength{\topmargin}{-2.49998pt}.

[58]

Package fancyhdr Warning: \headheight is too small (12.0pt): 
(fancyhdr)                Make it at least 14.49998pt, for example:
(fancyhdr)                \setlength{\headheight}{14.49998pt}.
(fancyhdr)                You might also make \topmargin smaller:
(fancyhdr)                \addtolength{\topmargin}{-2.49998pt}.

[59{C:/Users/Zyad/AppData/Local/Programs/MiKTeX/fonts/enc/dvips/lm/lm-mathex.en
c}]

Package fancyhdr Warning: \headheight is too small (12.0pt): 
(fancyhdr)                Make it at least 14.49998pt, for example:
(fancyhdr)                \setlength{\headheight}{14.49998pt}.
(fancyhdr)                You might also make \topmargin smaller:
(fancyhdr)                \addtolength{\topmargin}{-2.49998pt}.

[60])

Package fancyhdr Warning: \headheight is too small (12.0pt): 
(fancyhdr)                Make it at least 14.49998pt, for example:
(fancyhdr)                \setlength{\headheight}{14.49998pt}.
(fancyhdr)                You might also make \topmargin smaller:
(fancyhdr)                \addtolength{\topmargin}{-2.49998pt}.

[61]
<assets/resnet50.png, id=1274, 204.765pt x 33.4851pt>
File: assets/resnet50.png Graphic file (type png)
<use assets/resnet50.png>
Package pdftex.def Info: assets/resnet50.png  used on input line 35.
(pdftex.def)             Requested size: 452.9679pt x 74.07875pt.


Package fancyhdr Warning: \headheight is too small (12.0pt): 
(fancyhdr)                Make it at least 14.49998pt, for example:
(fancyhdr)                \setlength{\headheight}{14.49998pt}.
(fancyhdr)                You might also make \topmargin smaller:
(fancyhdr)                \addtolength{\topmargin}{-2.49998pt}.

[62 <./assets/resnet50.png>] (chapters/Chapter3/DenseNet121.tex
<assets/DenseNet121.png, id=1283, 509.5035pt x 151.767pt>
File: assets/DenseNet121.png Graphic file (type png)
<use assets/DenseNet121.png>
Package pdftex.def Info: assets/DenseNet121.png  used on input line 14.
(pdftex.def)             Requested size: 452.9679pt x 134.9263pt.

Underfull \vbox (badness 10000) has occurred while \output is active []



Package fancyhdr Warning: \headheight is too small (12.0pt): 
(fancyhdr)                Make it at least 14.49998pt, for example:
(fancyhdr)                \setlength{\headheight}{14.49998pt}.
(fancyhdr)                You might also make \topmargin smaller:
(fancyhdr)                \addtolength{\topmargin}{-2.49998pt}.

[63]

Package fancyhdr Warning: \headheight is too small (12.0pt): 
(fancyhdr)                Make it at least 14.49998pt, for example:
(fancyhdr)                \setlength{\headheight}{14.49998pt}.
(fancyhdr)                You might also make \topmargin smaller:
(fancyhdr)                \addtolength{\topmargin}{-2.49998pt}.

[64 <./assets/DenseNet121.png>]
Underfull \vbox (badness 10000) has occurred while \output is active []



Package fancyhdr Warning: \headheight is too small (12.0pt): 
(fancyhdr)                Make it at least 14.49998pt, for example:
(fancyhdr)                \setlength{\headheight}{14.49998pt}.
(fancyhdr)                You might also make \topmargin smaller:
(fancyhdr)                \addtolength{\topmargin}{-2.49998pt}.

[65]

Package fancyhdr Warning: \headheight is too small (12.0pt): 
(fancyhdr)                Make it at least 14.49998pt, for example:
(fancyhdr)                \setlength{\headheight}{14.49998pt}.
(fancyhdr)                You might also make \topmargin smaller:
(fancyhdr)                \addtolength{\topmargin}{-2.49998pt}.

[66]
Underfull \vbox (badness 1762) has occurred while \output is active []



Package fancyhdr Warning: \headheight is too small (12.0pt): 
(fancyhdr)                Make it at least 14.49998pt, for example:
(fancyhdr)                \setlength{\headheight}{14.49998pt}.
(fancyhdr)                You might also make \topmargin smaller:
(fancyhdr)                \addtolength{\topmargin}{-2.49998pt}.

[67]) (chapters/Chapter3/YOLO.tex
<assets/yolo-arch.png, id=1323, 453.19313pt x 371.13657pt>
File: assets/yolo-arch.png Graphic file (type png)
<use assets/yolo-arch.png>
Package pdftex.def Info: assets/yolo-arch.png  used on input line 5.
(pdftex.def)             Requested size: 452.9679pt x 370.95442pt.

Underfull \vbox (badness 10000) has occurred while \output is active []



Package fancyhdr Warning: \headheight is too small (12.0pt): 
(fancyhdr)                Make it at least 14.49998pt, for example:
(fancyhdr)                \setlength{\headheight}{14.49998pt}.
(fancyhdr)                You might also make \topmargin smaller:
(fancyhdr)                \addtolength{\topmargin}{-2.49998pt}.

[68]

Package fancyhdr Warning: \headheight is too small (12.0pt): 
(fancyhdr)                Make it at least 14.49998pt, for example:
(fancyhdr)                \setlength{\headheight}{14.49998pt}.
(fancyhdr)                You might also make \topmargin smaller:
(fancyhdr)                \addtolength{\topmargin}{-2.49998pt}.

[69 <./assets/yolo-arch.png>]
Underfull \vbox (badness 10000) has occurred while \output is active []



Package fancyhdr Warning: \headheight is too small (12.0pt): 
(fancyhdr)                Make it at least 14.49998pt, for example:
(fancyhdr)                \setlength{\headheight}{14.49998pt}.
(fancyhdr)                You might also make \topmargin smaller:
(fancyhdr)                \addtolength{\topmargin}{-2.49998pt}.

[70]
Underfull \vbox (badness 10000) has occurred while \output is active []



Package fancyhdr Warning: \headheight is too small (12.0pt): 
(fancyhdr)                Make it at least 14.49998pt, for example:
(fancyhdr)                \setlength{\headheight}{14.49998pt}.
(fancyhdr)                You might also make \topmargin smaller:
(fancyhdr)                \addtolength{\topmargin}{-2.49998pt}.

[71]

Package fancyhdr Warning: \headheight is too small (12.0pt): 
(fancyhdr)                Make it at least 14.49998pt, for example:
(fancyhdr)                \setlength{\headheight}{14.49998pt}.
(fancyhdr)                You might also make \topmargin smaller:
(fancyhdr)                \addtolength{\topmargin}{-2.49998pt}.

[72]

Package fancyhdr Warning: \headheight is too small (12.0pt): 
(fancyhdr)                Make it at least 14.49998pt, for example:
(fancyhdr)                \setlength{\headheight}{14.49998pt}.
(fancyhdr)                You might also make \topmargin smaller:
(fancyhdr)                \addtolength{\topmargin}{-2.49998pt}.

[73]

Package fancyhdr Warning: \headheight is too small (12.0pt): 
(fancyhdr)                Make it at least 14.49998pt, for example:
(fancyhdr)                \setlength{\headheight}{14.49998pt}.
(fancyhdr)                You might also make \topmargin smaller:
(fancyhdr)                \addtolength{\topmargin}{-2.49998pt}.

[74]) (chapters/Chapter3/Routing Model.tex
Underfull \vbox (badness 10000) has occurred while \output is active []



Package fancyhdr Warning: \headheight is too small (12.0pt): 
(fancyhdr)                Make it at least 14.49998pt, for example:
(fancyhdr)                \setlength{\headheight}{14.49998pt}.
(fancyhdr)                You might also make \topmargin smaller:
(fancyhdr)                \addtolength{\topmargin}{-2.49998pt}.

[75]

Package fancyhdr Warning: \headheight is too small (12.0pt): 
(fancyhdr)                Make it at least 14.49998pt, for example:
(fancyhdr)                \setlength{\headheight}{14.49998pt}.
(fancyhdr)                You might also make \topmargin smaller:
(fancyhdr)                \addtolength{\topmargin}{-2.49998pt}.

[76]
Underfull \vbox (badness 1400) has occurred while \output is active []



Package fancyhdr Warning: \headheight is too small (12.0pt): 
(fancyhdr)                Make it at least 14.49998pt, for example:
(fancyhdr)                \setlength{\headheight}{14.49998pt}.
(fancyhdr)                You might also make \topmargin smaller:
(fancyhdr)                \addtolength{\topmargin}{-2.49998pt}.

[77]

Package fancyhdr Warning: \headheight is too small (12.0pt): 
(fancyhdr)                Make it at least 14.49998pt, for example:
(fancyhdr)                \setlength{\headheight}{14.49998pt}.
(fancyhdr)                You might also make \topmargin smaller:
(fancyhdr)                \addtolength{\topmargin}{-2.49998pt}.

[78] (chapters/Chapter3/Routing Model Imp.tex

LaTeX Warning: Reference `chap:proposed_model' on page 79 undefined on input li
ne 4.


Package fancyhdr Warning: \headheight is too small (12.0pt): 
(fancyhdr)                Make it at least 14.49998pt, for example:
(fancyhdr)                \setlength{\headheight}{14.49998pt}.
(fancyhdr)                You might also make \topmargin smaller:
(fancyhdr)                \addtolength{\topmargin}{-2.49998pt}.

[79]
LaTeX Font Info:    External font `lmex10' loaded for size
(Font)              <14.4> on input line 159.
LaTeX Font Info:    External font `lmex10' loaded for size
(Font)              <10> on input line 159.
LaTeX Font Info:    External font `lmex10' loaded for size
(Font)              <7> on input line 159.

Underfull \vbox (badness 10000) has occurred while \output is active []



Package fancyhdr Warning: \headheight is too small (12.0pt): 
(fancyhdr)                Make it at least 14.49998pt, for example:
(fancyhdr)                \setlength{\headheight}{14.49998pt}.
(fancyhdr)                You might also make \topmargin smaller:
(fancyhdr)                \addtolength{\topmargin}{-2.49998pt}.

[80]

Package fancyhdr Warning: \headheight is too small (12.0pt): 
(fancyhdr)                Make it at least 14.49998pt, for example:
(fancyhdr)                \setlength{\headheight}{14.49998pt}.
(fancyhdr)                You might also make \topmargin smaller:
(fancyhdr)                \addtolength{\topmargin}{-2.49998pt}.

[81]
Underfull \vbox (badness 10000) has occurred while \output is active []



Package fancyhdr Warning: \headheight is too small (12.0pt): 
(fancyhdr)                Make it at least 14.49998pt, for example:
(fancyhdr)                \setlength{\headheight}{14.49998pt}.
(fancyhdr)                You might also make \topmargin smaller:
(fancyhdr)                \addtolength{\topmargin}{-2.49998pt}.

[82]))
Underfull \vbox (badness 10000) has occurred while \output is active []



Package fancyhdr Warning: \headheight is too small (12.0pt): 
(fancyhdr)                Make it at least 14.49998pt, for example:
(fancyhdr)                \setlength{\headheight}{14.49998pt}.
(fancyhdr)                You might also make \topmargin smaller:
(fancyhdr)                \addtolength{\topmargin}{-2.49998pt}.

[83]
<assets/chest-pipeline.png, id=1412, 462.22687pt x 96.36pt>
File: assets/chest-pipeline.png Graphic file (type png)
<use assets/chest-pipeline.png>
Package pdftex.def Info: assets/chest-pipeline.png  used on input line 87.
(pdftex.def)             Requested size: 339.72592pt x 70.823pt.


Package fancyhdr Warning: \headheight is too small (12.0pt): 
(fancyhdr)                Make it at least 14.49998pt, for example:
(fancyhdr)                \setlength{\headheight}{14.49998pt}.
(fancyhdr)                You might also make \topmargin smaller:
(fancyhdr)                \addtolength{\topmargin}{-2.49998pt}.

[84 <./assets/chest-pipeline.png>]
<assets/pneu1.jpg, id=1422, 163.3603pt x 146.04562pt>
File: assets/pneu1.jpg Graphic file (type jpg)
<use assets/pneu1.jpg>
Package pdftex.def Info: assets/pneu1.jpg  used on input line 103.
(pdftex.def)             Requested size: 113.24197pt x 101.23955pt.

Underfull \hbox (badness 1603) in paragraph at lines 104--104
[]\T1/lmr/m/n/10 (+20) (a) |Orig-i-nal Pneu-mo-nia
 []

<assets/proc-pneu1.jpg, id=1423, 162.6075pt x 144.54pt>
File: assets/proc-pneu1.jpg Graphic file (type jpg)
<use assets/proc-pneu1.jpg>
Package pdftex.def Info: assets/proc-pneu1.jpg  used on input line 110.
(pdftex.def)             Requested size: 113.24197pt x 100.66121pt.
<assets/pneu2.png, id=1424, 144.54pt x 147.55125pt>
File: assets/pneu2.png Graphic file (type png)
<use assets/pneu2.png>
Package pdftex.def Info: assets/pneu2.png  used on input line 117.
(pdftex.def)             Requested size: 113.24197pt x 115.60057pt.

Underfull \hbox (badness 1946) in paragraph at lines 118--118
[]\T1/lmr/m/n/10 (+20) (c) |Orig-i-nal Pneu-mo-nia
 []

<assets/proc-pneu2.png, id=1425, 155.07938pt x 146.04562pt>
File: assets/proc-pneu2.png Graphic file (type png)
<use assets/proc-pneu2.png>
Package pdftex.def Info: assets/proc-pneu2.png  used on input line 124.
(pdftex.def)             Requested size: 113.24197pt x 106.64583pt.
<assets/unet-arch.png, id=1427, 445.665pt x 263.48438pt>
File: assets/unet-arch.png Graphic file (type png)
<use assets/unet-arch.png>
Package pdftex.def Info: assets/unet-arch.png  used on input line 144.
(pdftex.def)             Requested size: 407.66833pt x 241.0215pt.

LaTeX Warning: `h' float specifier changed to `ht'.

<assets/proc-cxr.png, id=1429, 165.61874pt x 153.57375pt>
File: assets/proc-cxr.png Graphic file (type png)
<use assets/proc-cxr.png>
Package pdftex.def Info: assets/proc-cxr.png  used on input line 168.
(pdftex.def)             Requested size: 113.24197pt x 105.00522pt.
<assets/segmented-lung.png, id=1430, 181.42781pt x 157.33781pt>
File: assets/segmented-lung.png Graphic file (type png)
<use assets/segmented-lung.png>
Package pdftex.def Info: assets/segmented-lung.png  used on input line 175.
(pdftex.def)             Requested size: 113.24197pt x 98.20863pt.

LaTeX Warning: `h' float specifier changed to `ht'.


Package fancyhdr Warning: \headheight is too small (12.0pt): 
(fancyhdr)                Make it at least 14.49998pt, for example:
(fancyhdr)                \setlength{\headheight}{14.49998pt}.
(fancyhdr)                You might also make \topmargin smaller:
(fancyhdr)                \addtolength{\topmargin}{-2.49998pt}.

[85 <./assets/pneu1.jpg> <./assets/proc-pneu1.jpg> <./assets/pneu2.png> <./asse
ts/proc-pneu2.png>]
<assets/gradcam.png, id=1442, 472.76625pt x 168.63pt>
File: assets/gradcam.png Graphic file (type png)
<use assets/gradcam.png>
Package pdftex.def Info: assets/gradcam.png  used on input line 206.
(pdftex.def)             Requested size: 407.66833pt x 145.41264pt.


LaTeX Warning: `h' float specifier changed to `ht'.

(chapters/Chapter3/Lung Cancer Model.tex

Package fancyhdr Warning: \headheight is too small (12.0pt): 
(fancyhdr)                Make it at least 14.49998pt, for example:
(fancyhdr)                \setlength{\headheight}{14.49998pt}.
(fancyhdr)                You might also make \topmargin smaller:
(fancyhdr)                \addtolength{\topmargin}{-2.49998pt}.

[86 <./assets/unet-arch.png>]

Package fancyhdr Warning: \headheight is too small (12.0pt): 
(fancyhdr)                Make it at least 14.49998pt, for example:
(fancyhdr)                \setlength{\headheight}{14.49998pt}.
(fancyhdr)                You might also make \topmargin smaller:
(fancyhdr)                \addtolength{\topmargin}{-2.49998pt}.

[87 <./assets/proc-cxr.png> <./assets/segmented-lung.png> <./assets/gradcam.png
>]
<assets/yolo8_arch.png, id=1455, 452.892pt x 317.38576pt>
File: assets/yolo8_arch.png Graphic file (type png)
<use assets/yolo8_arch.png>
Package pdftex.def Info: assets/yolo8_arch.png  used on input line 26.
(pdftex.def)             Requested size: 452.9679pt x 317.44794pt.

Underfull \vbox (badness 10000) has occurred while \output is active []



Package fancyhdr Warning: \headheight is too small (12.0pt): 
(fancyhdr)                Make it at least 14.49998pt, for example:
(fancyhdr)                \setlength{\headheight}{14.49998pt}.
(fancyhdr)                You might also make \topmargin smaller:
(fancyhdr)                \addtolength{\topmargin}{-2.49998pt}.

[88]
Underfull \vbox (badness 4181) has occurred while \output is active []



Package fancyhdr Warning: \headheight is too small (12.0pt): 
(fancyhdr)                Make it at least 14.49998pt, for example:
(fancyhdr)                \setlength{\headheight}{14.49998pt}.
(fancyhdr)                You might also make \topmargin smaller:
(fancyhdr)                \addtolength{\topmargin}{-2.49998pt}.

[89 <./assets/yolo8_arch.png>]
<assets/lung1.jpg, id=1470, 210.03468pt x 210.03468pt>
File: assets/lung1.jpg Graphic file (type jpg)
<use assets/lung1.jpg>
Package pdftex.def Info: assets/lung1.jpg  used on input line 59.
(pdftex.def)             Requested size: 217.42265pt x 217.42458pt.
File: assets/lung1.jpg Graphic file (type jpg)
<use assets/lung1.jpg>
Package pdftex.def Info: assets/lung1.jpg  used on input line 65.
(pdftex.def)             Requested size: 217.42265pt x 217.42458pt.


Package fancyhdr Warning: \headheight is too small (12.0pt): 
(fancyhdr)                Make it at least 14.49998pt, for example:
(fancyhdr)                \setlength{\headheight}{14.49998pt}.
(fancyhdr)                You might also make \topmargin smaller:
(fancyhdr)                \addtolength{\topmargin}{-2.49998pt}.

[90]
<assets/lung3.jpg, id=1478, 317.68687pt x 317.68687pt>
File: assets/lung3.jpg Graphic file (type jpg)
<use assets/lung3.jpg>
Package pdftex.def Info: assets/lung3.jpg  used on input line 76.
(pdftex.def)             Requested size: 271.7835pt x 271.80444pt.
 (chapters/Chapter3/Lung Cancer Imp.tex

Package fancyhdr Warning: \headheight is too small (12.0pt): 
(fancyhdr)                Make it at least 14.49998pt, for example:
(fancyhdr)                \setlength{\headheight}{14.49998pt}.
(fancyhdr)                You might also make \topmargin smaller:
(fancyhdr)                \addtolength{\topmargin}{-2.49998pt}.

[91 <./assets/lung1.jpg>]

Package fancyhdr Warning: \headheight is too small (12.0pt): 
(fancyhdr)                Make it at least 14.49998pt, for example:
(fancyhdr)                \setlength{\headheight}{14.49998pt}.
(fancyhdr)                You might also make \topmargin smaller:
(fancyhdr)                \addtolength{\topmargin}{-2.49998pt}.

[92 <./assets/lung3.jpg>]
LaTeX Font Info:    Trying to load font information for T1+lmtt on input line 3
0.

(C:\Users\Zyad\AppData\Local\Programs\MiKTeX\tex/latex/lm\t1lmtt.fd
File: t1lmtt.fd 2015/05/01 v1.6.1 Font defs for Latin Modern
)
Package microtype Info: Loading generic protrusion settings for font family
(microtype)             `lmtt' (encoding: T1).
(microtype)             For optimal results, create family-specific settings.
(microtype)             See the microtype manual for details.


Package fancyhdr Warning: \headheight is too small (12.0pt): 
(fancyhdr)                Make it at least 14.49998pt, for example:
(fancyhdr)                \setlength{\headheight}{14.49998pt}.
(fancyhdr)                You might also make \topmargin smaller:
(fancyhdr)                \addtolength{\topmargin}{-2.49998pt}.

[93]

Package fancyhdr Warning: \headheight is too small (12.0pt): 
(fancyhdr)                Make it at least 14.49998pt, for example:
(fancyhdr)                \setlength{\headheight}{14.49998pt}.
(fancyhdr)                You might also make \topmargin smaller:
(fancyhdr)                \addtolength{\topmargin}{-2.49998pt}.

[94]
<assets/yolo_imp_arch.png, id=1509, 449.388pt x 224.694pt>
File: assets/yolo_imp_arch.png Graphic file (type png)
<use assets/yolo_imp_arch.png>
Package pdftex.def Info: assets/yolo_imp_arch.png  used on input line 102.
(pdftex.def)             Requested size: 452.9679pt x 226.48656pt.

Underfull \vbox (badness 2635) has occurred while \output is active []



Package fancyhdr Warning: \headheight is too small (12.0pt): 
(fancyhdr)                Make it at least 14.49998pt, for example:
(fancyhdr)                \setlength{\headheight}{14.49998pt}.
(fancyhdr)                You might also make \topmargin smaller:
(fancyhdr)                \addtolength{\topmargin}{-2.49998pt}.

[95 <./assets/yolo_imp_arch.png>])) (chapters/Chapter3/Federated Learning.tex

Package fancyhdr Warning: \headheight is too small (12.0pt): 
(fancyhdr)                Make it at least 14.49998pt, for example:
(fancyhdr)                \setlength{\headheight}{14.49998pt}.
(fancyhdr)                You might also make \topmargin smaller:
(fancyhdr)                \addtolength{\topmargin}{-2.49998pt}.

[96]
Underfull \vbox (badness 10000) has occurred while \output is active []



Package fancyhdr Warning: \headheight is too small (12.0pt): 
(fancyhdr)                Make it at least 14.49998pt, for example:
(fancyhdr)                \setlength{\headheight}{14.49998pt}.
(fancyhdr)                You might also make \topmargin smaller:
(fancyhdr)                \addtolength{\topmargin}{-2.49998pt}.

[97]
Underfull \hbox (badness 10000) in paragraph at lines 131--132
[]|\T1/lmr/m/n/12 (+20) Communication
 []


Underfull \hbox (badness 10000) in paragraph at lines 136--137
[]|\T1/lmr/m/n/12 (+20) Client frac-tion
 []


Underfull \hbox (badness 1371) in paragraph at lines 142--143
[]|\T1/lmr/m/n/12 (+20) Training epochs each
 []


Underfull \hbox (badness 10000) in paragraph at lines 151--152
[]|\T1/lmr/m/n/12 (+20) Local learn-ing
 []


Underfull \hbox (badness 2717) in paragraph at lines 168--169
[]|\T1/lmr/m/n/12 (+20) Minimum num-ber of
 []


Package fancyhdr Warning: \headheight is too small (12.0pt): 
(fancyhdr)                Make it at least 14.49998pt, for example:
(fancyhdr)                \setlength{\headheight}{14.49998pt}.
(fancyhdr)                You might also make \topmargin smaller:
(fancyhdr)                \addtolength{\topmargin}{-2.49998pt}.

[98]

Package fancyhdr Warning: \headheight is too small (12.0pt): 
(fancyhdr)                Make it at least 14.49998pt, for example:
(fancyhdr)                \setlength{\headheight}{14.49998pt}.
(fancyhdr)                You might also make \topmargin smaller:
(fancyhdr)                \addtolength{\topmargin}{-2.49998pt}.

[99]

Package fancyhdr Warning: \headheight is too small (12.0pt): 
(fancyhdr)                Make it at least 14.49998pt, for example:
(fancyhdr)                \setlength{\headheight}{14.49998pt}.
(fancyhdr)                You might also make \topmargin smaller:
(fancyhdr)                \addtolength{\topmargin}{-2.49998pt}.

[100]) (chapters/Chapter3/RAG.tex
Overfull \hbox (18.20554pt too wide) in paragraph at lines 1--1
|\T1/lmr/bx/n/22 (-20) 3.7 Retrieval-Augmented Gen-er-a-tion (RAG)
 []


Underfull \vbox (badness 10000) has occurred while \output is active []



Package fancyhdr Warning: \headheight is too small (12.0pt): 
(fancyhdr)                Make it at least 14.49998pt, for example:
(fancyhdr)                \setlength{\headheight}{14.49998pt}.
(fancyhdr)                You might also make \topmargin smaller:
(fancyhdr)                \addtolength{\topmargin}{-2.49998pt}.

[101]

Package fancyhdr Warning: \headheight is too small (12.0pt): 
(fancyhdr)                Make it at least 14.49998pt, for example:
(fancyhdr)                \setlength{\headheight}{14.49998pt}.
(fancyhdr)                You might also make \topmargin smaller:
(fancyhdr)                \addtolength{\topmargin}{-2.49998pt}.

[102]

Package fancyhdr Warning: \headheight is too small (12.0pt): 
(fancyhdr)                Make it at least 14.49998pt, for example:
(fancyhdr)                \setlength{\headheight}{14.49998pt}.
(fancyhdr)                You might also make \topmargin smaller:
(fancyhdr)                \addtolength{\topmargin}{-2.49998pt}.

[103]
Underfull \vbox (badness 10000) has occurred while \output is active []



Package fancyhdr Warning: \headheight is too small (12.0pt): 
(fancyhdr)                Make it at least 14.49998pt, for example:
(fancyhdr)                \setlength{\headheight}{14.49998pt}.
(fancyhdr)                You might also make \topmargin smaller:
(fancyhdr)                \addtolength{\topmargin}{-2.49998pt}.

[104]
<assets/RAG_1.png, id=1594, 518.53725pt x 257.16075pt>
File: assets/RAG_1.png Graphic file (type png)
<use assets/RAG_1.png>
Package pdftex.def Info: assets/RAG_1.png  used on input line 248.
(pdftex.def)             Requested size: 452.9679pt x 224.64232pt.


Package fancyhdr Warning: \headheight is too small (12.0pt): 
(fancyhdr)                Make it at least 14.49998pt, for example:
(fancyhdr)                \setlength{\headheight}{14.49998pt}.
(fancyhdr)                You might also make \topmargin smaller:
(fancyhdr)                \addtolength{\topmargin}{-2.49998pt}.

[105])

Package fancyhdr Warning: \headheight is too small (12.0pt): 
(fancyhdr)                Make it at least 14.49998pt, for example:
(fancyhdr)                \setlength{\headheight}{14.49998pt}.
(fancyhdr)                You might also make \topmargin smaller:
(fancyhdr)                \addtolength{\topmargin}{-2.49998pt}.

[106 <./assets/RAG_1.png>] (chapters/Chapter3/Backend Architecture.tex
Underfull \vbox (badness 10000) has occurred while \output is active []



Package fancyhdr Warning: \headheight is too small (12.0pt): 
(fancyhdr)                Make it at least 14.49998pt, for example:
(fancyhdr)                \setlength{\headheight}{14.49998pt}.
(fancyhdr)                You might also make \topmargin smaller:
(fancyhdr)                \addtolength{\topmargin}{-2.49998pt}.

[107]
Underfull \hbox (badness 10000) in paragraph at lines 60--61
[]|\T1/lmr/m/n/12 (+20) Authentication, busi-ness
 []


Underfull \hbox (badness 10000) in paragraph at lines 66--67
\T1/lmr/m/n/12 (+20) ser-vices and retrieval-
 []


Underfull \hbox (badness 10000) in paragraph at lines 66--67
\T1/lmr/m/n/12 (+20) augmented gen-er-a-tion
 []


Underfull \hbox (badness 4279) in paragraph at lines 70--70
[]|\T1/lmr/m/n/12 (+20) FastAPI, Flower, and
 []


Underfull \hbox (badness 10000) in paragraph at lines 71--71
[]|\T1/lmr/m/n/12 (+20) 8001 /
 []


Underfull \hbox (badness 1189) in paragraph at lines 72--73
\T1/lmr/m/n/12 (+20) and hos-pi-tal reg-istry ser-
 []


Overfull \hbox (23.8234pt too wide) in paragraph at lines 47--75
 [][] 
 []


Underfull \hbox (badness 10000) in paragraph at lines 88--88
[]|\T1/lmr/m/n/12 (+20) Cloudflare R2 (S3-
 []


Package fancyhdr Warning: \headheight is too small (12.0pt): 
(fancyhdr)                Make it at least 14.49998pt, for example:
(fancyhdr)                \setlength{\headheight}{14.49998pt}.
(fancyhdr)                You might also make \topmargin smaller:
(fancyhdr)                \addtolength{\topmargin}{-2.49998pt}.

[108]
<assets/backend-1.png, id=1626, 507.39563pt x 290.58563pt>
File: assets/backend-1.png Graphic file (type png)
<use assets/backend-1.png>
Package pdftex.def Info: assets/backend-1.png  used on input line 121.
(pdftex.def)             Requested size: 430.31812pt x 246.44913pt.
<assets/backend-2.png, id=1627, 504.38437pt x 287.57437pt>
File: assets/backend-2.png Graphic file (type png)
<use assets/backend-2.png>
Package pdftex.def Info: assets/backend-2.png  used on input line 128.
(pdftex.def)             Requested size: 430.31812pt x 245.34769pt.


Package fancyhdr Warning: \headheight is too small (12.0pt): 
(fancyhdr)                Make it at least 14.49998pt, for example:
(fancyhdr)                \setlength{\headheight}{14.49998pt}.
(fancyhdr)                You might also make \topmargin smaller:
(fancyhdr)                \addtolength{\topmargin}{-2.49998pt}.

[109]

Package fancyhdr Warning: \headheight is too small (12.0pt): 
(fancyhdr)                Make it at least 14.49998pt, for example:
(fancyhdr)                \setlength{\headheight}{14.49998pt}.
(fancyhdr)                You might also make \topmargin smaller:
(fancyhdr)                \addtolength{\topmargin}{-2.49998pt}.

[110 <./assets/backend-1.png> <./assets/backend-2.png>]
Underfull \hbox (badness 10000) in paragraph at lines 155--155
[]|\T1/lmr/m/n/12 (+20) Programming Lan-
 []


Package fancyhdr Warning: \headheight is too small (12.0pt): 
(fancyhdr)                Make it at least 14.49998pt, for example:
(fancyhdr)                \setlength{\headheight}{14.49998pt}.
(fancyhdr)                You might also make \topmargin smaller:
(fancyhdr)                \addtolength{\topmargin}{-2.49998pt}.

[111]
Underfull \vbox (badness 1009) has occurred while \output is active []



Package fancyhdr Warning: \headheight is too small (12.0pt): 
(fancyhdr)                Make it at least 14.49998pt, for example:
(fancyhdr)                \setlength{\headheight}{14.49998pt}.
(fancyhdr)                You might also make \topmargin smaller:
(fancyhdr)                \addtolength{\topmargin}{-2.49998pt}.

[112]

Package fancyhdr Warning: \headheight is too small (12.0pt): 
(fancyhdr)                Make it at least 14.49998pt, for example:
(fancyhdr)                \setlength{\headheight}{14.49998pt}.
(fancyhdr)                You might also make \topmargin smaller:
(fancyhdr)                \addtolength{\topmargin}{-2.49998pt}.

[113]
Overfull \hbox (19.2602pt too wide) in paragraph at lines 309--310
\T1/lmr/m/n/12 (-20) cated pages. FL-Hos-pi-talsPage shows all reg-is-tered hos
-pi-tal nodes with live ON-LINE/OFFLINE
 []

<assets/backend3.png, id=1654, 469.755pt x 313.0605pt>
File: assets/backend3.png Graphic file (type png)
<use assets/backend3.png>
Package pdftex.def Info: assets/backend3.png  used on input line 316.
(pdftex.def)             Requested size: 430.31812pt x 286.77716pt.

Underfull \hbox (badness 10000) in paragraph at lines 339--339
[]|\T1/lmr/m/n/12 (+20) Programming Lan-
 []


Underfull \hbox (badness 10000) in paragraph at lines 355--355
[]|\T1/lmr/m/n/12 (+20) Cache and Ses-sion
 []


Underfull \hbox (badness 1107) in paragraph at lines 367--367
[]|\T1/lmr/m/n/12 (+20) Object Stor-age In-te-
 []


Package fancyhdr Warning: \headheight is too small (12.0pt): 
(fancyhdr)                Make it at least 14.49998pt, for example:
(fancyhdr)                \setlength{\headheight}{14.49998pt}.
(fancyhdr)                You might also make \topmargin smaller:
(fancyhdr)                \addtolength{\topmargin}{-2.49998pt}.

[114 <./assets/backend3.png>]
<assets/backend4.png, id=1664, 468.441pt x 236.1915pt>
File: assets/backend4.png Graphic file (type png)
<use assets/backend4.png>
Package pdftex.def Info: assets/backend4.png  used on input line 390.
(pdftex.def)             Requested size: 468.43983pt x 236.19092pt.

Overfull \hbox (15.47194pt too wide) in paragraph at lines 390--391
 [][] 
 []

<assets/backend5.png, id=1665, 469.755pt x 236.6588pt>
File: assets/backend5.png Graphic file (type png)
<use assets/backend5.png>
Package pdftex.def Info: assets/backend5.png  used on input line 397.
(pdftex.def)             Requested size: 469.75386pt x 236.6582pt.

Overfull \hbox (16.78596pt too wide) in paragraph at lines 397--398
 [][] 
 []


Package fancyhdr Warning: \headheight is too small (12.0pt): 
(fancyhdr)                Make it at least 14.49998pt, for example:
(fancyhdr)                \setlength{\headheight}{14.49998pt}.
(fancyhdr)                You might also make \topmargin smaller:
(fancyhdr)                \addtolength{\topmargin}{-2.49998pt}.

[115]

Package fancyhdr Warning: \headheight is too small (12.0pt): 
(fancyhdr)                Make it at least 14.49998pt, for example:
(fancyhdr)                \setlength{\headheight}{14.49998pt}.
(fancyhdr)                You might also make \topmargin smaller:
(fancyhdr)                \addtolength{\topmargin}{-2.49998pt}.

[116 <./assets/backend4.png> <./assets/backend5.png>]
<assets/backend6.png, id=1676, 190.46156pt x 261.97874pt>
File: assets/backend6.png Graphic file (type png)
<use assets/backend6.png>
Package pdftex.def Info: assets/backend6.png  used on input line 426.
(pdftex.def)             Requested size: 190.46107pt x 261.9781pt.


Package fancyhdr Warning: \headheight is too small (12.0pt): 
(fancyhdr)                Make it at least 14.49998pt, for example:
(fancyhdr)                \setlength{\headheight}{14.49998pt}.
(fancyhdr)                You might also make \topmargin smaller:
(fancyhdr)                \addtolength{\topmargin}{-2.49998pt}.

[117 <./assets/backend6.png>]
<assets/backend7.png, id=1683, 499.11469pt x 322.20375pt>
File: assets/backend7.png Graphic file (type png)
<use assets/backend7.png>
Package pdftex.def Info: assets/backend7.png  used on input line 441.
(pdftex.def)             Requested size: 430.31812pt x 277.8027pt.


Package fancyhdr Warning: \headheight is too small (12.0pt): 
(fancyhdr)                Make it at least 14.49998pt, for example:
(fancyhdr)                \setlength{\headheight}{14.49998pt}.
(fancyhdr)                You might also make \topmargin smaller:
(fancyhdr)                \addtolength{\topmargin}{-2.49998pt}.

[118 <./assets/backend7.png>]
<assets/backend8.png, id=1689, 216.05719pt x 254.45062pt>
File: assets/backend8.png Graphic file (type png)
<use assets/backend8.png>
Package pdftex.def Info: assets/backend8.png  used on input line 468.
(pdftex.def)             Requested size: 216.05664pt x 254.45pt.
<assets/backend9.png, id=1690, 284.56313pt x 258.9675pt>
File: assets/backend9.png Graphic file (type png)
<use assets/backend9.png>
Package pdftex.def Info: assets/backend9.png  used on input line 475.
(pdftex.def)             Requested size: 284.56242pt x 258.96684pt.


Package fancyhdr Warning: \headheight is too small (12.0pt): 
(fancyhdr)                Make it at least 14.49998pt, for example:
(fancyhdr)                \setlength{\headheight}{14.49998pt}.
(fancyhdr)                You might also make \topmargin smaller:
(fancyhdr)                \addtolength{\topmargin}{-2.49998pt}.

[119 <./assets/backend8.png>]
Underfull \vbox (badness 10000) has occurred while \output is active []



Package fancyhdr Warning: \headheight is too small (12.0pt): 
(fancyhdr)                Make it at least 14.49998pt, for example:
(fancyhdr)                \setlength{\headheight}{14.49998pt}.
(fancyhdr)                You might also make \topmargin smaller:
(fancyhdr)                \addtolength{\topmargin}{-2.49998pt}.

[120 <./assets/backend9.png>]

LaTeX Warning: Reference `fig:greeting_' on page 121 undefined on input line 50
6.

<assets/backend10.png, id=1703, 463.185pt x 219.7665pt>
File: assets/backend10.png Graphic file (type png)
<use assets/backend10.png>
Package pdftex.def Info: assets/backend10.png  used on input line 510.
(pdftex.def)             Requested size: 430.31812pt x 204.18286pt.
<assets/backend11.png, id=1704, 469.755pt x 148.1535pt>
File: assets/backend11.png Graphic file (type png)
<use assets/backend11.png>
Package pdftex.def Info: assets/backend11.png  used on input line 517.
(pdftex.def)             Requested size: 430.31812pt x 135.7151pt.
<assets/backend12.png, id=1707, 469.755pt x 238.491pt>
File: assets/backend12.png Graphic file (type png)
<use assets/backend12.png>
Package pdftex.def Info: assets/backend12.png  used on input line 526.
(pdftex.def)             Requested size: 430.31812pt x 218.4682pt.
<assets/backend13.png, id=1708, 469.755pt x 237.88875pt>
File: assets/backend13.png Graphic file (type png)
<use assets/backend13.png>
Package pdftex.def Info: assets/backend13.png  used on input line 533.
(pdftex.def)             Requested size: 430.31812pt x 217.91652pt.
<assets/backend14.jpg, id=1711, 466.74374pt x 236.38312pt>
File: assets/backend14.jpg Graphic file (type jpg)
<use assets/backend14.jpg>
Package pdftex.def Info: assets/backend14.jpg  used on input line 542.
(pdftex.def)             Requested size: 430.31812pt x 217.944pt.
<assets/backend15.jpg, id=1712, 469.755pt x 232.61906pt>
File: assets/backend15.jpg Graphic file (type jpg)
<use assets/backend15.jpg>
Package pdftex.def Info: assets/backend15.jpg  used on input line 549.
(pdftex.def)             Requested size: 430.31812pt x 213.08926pt.

Package fancyhdr Warning: \headheight is too small (12.0pt): 
(fancyhdr)                Make it at least 14.49998pt, for example:
(fancyhdr)                \setlength{\headheight}{14.49998pt}.
(fancyhdr)                You might also make \topmargin smaller:
(fancyhdr)                \addtolength{\topmargin}{-2.49998pt}.

[121 <./assets/backend10.png>]

Package fancyhdr Warning: \headheight is too small (12.0pt): 
(fancyhdr)                Make it at least 14.49998pt, for example:
(fancyhdr)                \setlength{\headheight}{14.49998pt}.
(fancyhdr)                You might also make \topmargin smaller:
(fancyhdr)                \addtolength{\topmargin}{-2.49998pt}.

[122 <./assets/backend11.png> <./assets/backend12.png> <./assets/backend13.png>
]

Package fancyhdr Warning: \headheight is too small (12.0pt): 
(fancyhdr)                Make it at least 14.49998pt, for example:
(fancyhdr)                \setlength{\headheight}{14.49998pt}.
(fancyhdr)                You might also make \topmargin smaller:
(fancyhdr)                \addtolength{\topmargin}{-2.49998pt}.

[123 <./assets/backend14.jpg> <./assets/backend15.jpg>]
<assets/backend16.png, id=1730, 199.49532pt x 359.84438pt>
File: assets/backend16.png Graphic file (type png)
<use assets/backend16.png>
Package pdftex.def Info: assets/backend16.png  used on input line 563.
(pdftex.def)             Requested size: 199.49481pt x 359.84349pt.


Package fancyhdr Warning: \headheight is too small (12.0pt): 
(fancyhdr)                Make it at least 14.49998pt, for example:
(fancyhdr)                \setlength{\headheight}{14.49998pt}.
(fancyhdr)                You might also make \topmargin smaller:
(fancyhdr)                \addtolength{\topmargin}{-2.49998pt}.

[124 <./assets/backend16.png>]
Underfull \hbox (badness 4024) in paragraph at lines 599--600
[]|\T1/lmr/m/n/12 (+20) Orchestrates the ma-chine learn-ing in-fer-ence
 []


Underfull \hbox (badness 10000) in paragraph at lines 610--610
[]|\T1/lmr/m/n/12 (+20) Federated Learn-ing
 []


Underfull \hbox (badness 10000) in paragraph at lines 614--614
[]|\T1/lmr/m/n/12 (+20) Federated Learn-ing
 []


Package fancyhdr Warning: \headheight is too small (12.0pt): 
(fancyhdr)                Make it at least 14.49998pt, for example:
(fancyhdr)                \setlength{\headheight}{14.49998pt}.
(fancyhdr)                You might also make \topmargin smaller:
(fancyhdr)                \addtolength{\topmargin}{-2.49998pt}.

[125]
Underfull \hbox (badness 10000) in paragraph at lines 642--642
[]|\T1/lmr/m/n/12 (+20) TensorFlow/Keras
 []


Underfull \hbox (badness 2050) in paragraph at lines 651--651
[]|\T1/lmr/m/n/12 (+20) Lung Can-cer De-tec-
 []


Underfull \hbox (badness 1902) in paragraph at lines 657--657
[]|\T1/lmr/m/n/12 (+20) LangChain, Ol-lama, and
 []


Overfull \hbox (11.4234pt too wide) in paragraph at lines 631--662
 [][] 
 []


Underfull \vbox (badness 5970) has occurred while \output is active []



Package fancyhdr Warning: \headheight is too small (12.0pt): 
(fancyhdr)                Make it at least 14.49998pt, for example:
(fancyhdr)                \setlength{\headheight}{14.49998pt}.
(fancyhdr)                You might also make \topmargin smaller:
(fancyhdr)                \addtolength{\topmargin}{-2.49998pt}.

[126]

Package fancyhdr Warning: \headheight is too small (12.0pt): 
(fancyhdr)                Make it at least 14.49998pt, for example:
(fancyhdr)                \setlength{\headheight}{14.49998pt}.
(fancyhdr)                You might also make \topmargin smaller:
(fancyhdr)                \addtolength{\topmargin}{-2.49998pt}.

[127]
<assets/backend17.png, id=1758, 489.32813pt x 296.60812pt>
File: assets/backend17.png Graphic file (type png)
<use assets/backend17.png>
Package pdftex.def Info: assets/backend17.png  used on input line 696.
(pdftex.def)             Requested size: 430.31812pt x 260.84396pt.


Package fancyhdr Warning: \headheight is too small (12.0pt): 
(fancyhdr)                Make it at least 14.49998pt, for example:
(fancyhdr)                \setlength{\headheight}{14.49998pt}.
(fancyhdr)                You might also make \topmargin smaller:
(fancyhdr)                \addtolength{\topmargin}{-2.49998pt}.

[128 <./assets/backend17.png>]
Underfull \vbox (badness 10000) has occurred while \output is active []



Package fancyhdr Warning: \headheight is too small (12.0pt): 
(fancyhdr)                Make it at least 14.49998pt, for example:
(fancyhdr)                \setlength{\headheight}{14.49998pt}.
(fancyhdr)                You might also make \topmargin smaller:
(fancyhdr)                \addtolength{\topmargin}{-2.49998pt}.

[129]
<assets/backend18.png, id=1770, 262.143pt x 392.886pt>
File: assets/backend18.png Graphic file (type png)
<use assets/backend18.png>
Package pdftex.def Info: assets/backend18.png  used on input line 771.
(pdftex.def)             Requested size: 430.31812pt x 644.97865pt.


Package fancyhdr Warning: \headheight is too small (12.0pt): 
(fancyhdr)                Make it at least 14.49998pt, for example:
(fancyhdr)                \setlength{\headheight}{14.49998pt}.
(fancyhdr)                You might also make \topmargin smaller:
(fancyhdr)                \addtolength{\topmargin}{-2.49998pt}.

[130]

Package fancyhdr Warning: \headheight is too small (12.0pt): 
(fancyhdr)                Make it at least 14.49998pt, for example:
(fancyhdr)                \setlength{\headheight}{14.49998pt}.
(fancyhdr)                You might also make \topmargin smaller:
(fancyhdr)                \addtolength{\topmargin}{-2.49998pt}.

[131 <./assets/backend18.png>]
<assets/backend19.png, id=1792, 207.77625pt x 310.761pt>
File: assets/backend19.png Graphic file (type png)
<use assets/backend19.png>
Package pdftex.def Info: assets/backend19.png  used on input line 836.
(pdftex.def)             Requested size: 217.42265pt x 325.20383pt.
<assets/backend20.png, id=1793, 207.77625pt x 308.95425pt>
File: assets/backend20.png Graphic file (type png)
<use assets/backend20.png>
Package pdftex.def Info: assets/backend20.png  used on input line 844.
(pdftex.def)             Requested size: 217.42265pt x 323.31311pt.

Underfull \hbox (badness 3861) in paragraph at lines 867--868
[]|\T1/lmr/m/n/12 (+20) Automatically en-abled if
 []


Package fancyhdr Warning: \headheight is too small (12.0pt): 
(fancyhdr)                Make it at least 14.49998pt, for example:
(fancyhdr)                \setlength{\headheight}{14.49998pt}.
(fancyhdr)                You might also make \topmargin smaller:
(fancyhdr)                \addtolength{\topmargin}{-2.49998pt}.

[132]

Package fancyhdr Warning: \headheight is too small (12.0pt): 
(fancyhdr)                Make it at least 14.49998pt, for example:
(fancyhdr)                \setlength{\headheight}{14.49998pt}.
(fancyhdr)                You might also make \topmargin smaller:
(fancyhdr)                \addtolength{\topmargin}{-2.49998pt}.

[133 <./assets/backend19.png> <./assets/backend20.png>]
Underfull \hbox (badness 1681) in paragraph at lines 915--916
[]|\T1/lmr/m/n/12 (+20) The Flower server re-mains idle un-til ex-plic-
 []


Underfull \vbox (badness 10000) has occurred while \output is active []



Package fancyhdr Warning: \headheight is too small (12.0pt): 
(fancyhdr)                Make it at least 14.49998pt, for example:
(fancyhdr)                \setlength{\headheight}{14.49998pt}.
(fancyhdr)                You might also make \topmargin smaller:
(fancyhdr)                \addtolength{\topmargin}{-2.49998pt}.

[134]
<assets/backend21.png, id=1814, 463.13025pt x 264.99pt>
File: assets/backend21.png Graphic file (type png)
<use assets/backend21.png>
Package pdftex.def Info: assets/backend21.png  used on input line 948.
(pdftex.def)             Requested size: 430.31812pt x 246.21576pt.


Package fancyhdr Warning: \headheight is too small (12.0pt): 
(fancyhdr)                Make it at least 14.49998pt, for example:
(fancyhdr)                \setlength{\headheight}{14.49998pt}.
(fancyhdr)                You might also make \topmargin smaller:
(fancyhdr)                \addtolength{\topmargin}{-2.49998pt}.

[135]
<assets/backend22.jpg, id=1821, 469.755pt x 231.86626pt>
File: assets/backend22.jpg Graphic file (type jpg)
<use assets/backend22.jpg>
Package pdftex.def Info: assets/backend22.jpg  used on input line 971.
(pdftex.def)             Requested size: 430.31812pt x 212.39966pt.


Package fancyhdr Warning: \headheight is too small (12.0pt): 
(fancyhdr)                Make it at least 14.49998pt, for example:
(fancyhdr)                \setlength{\headheight}{14.49998pt}.
(fancyhdr)                You might also make \topmargin smaller:
(fancyhdr)                \addtolength{\topmargin}{-2.49998pt}.

[136 <./assets/backend21.png> <./assets/backend22.jpg>]

LaTeX Warning: Reference `tab:f1_keys' on page 137 undefined on input line 1017
.


Underfull \hbox (badness 10000) in paragraph at lines 1039--1039
[]|\T1/lmr/m/n/12 (+20) Federated Learn-ing
 []


Underfull \hbox (badness 1082) in paragraph at lines 1039--1039
\T1/lmr/m/n/12 (+20) Server and Cen-tral-ized
 []


Underfull \vbox (badness 1990) has occurred while \output is active []



Package fancyhdr Warning: \headheight is too small (12.0pt): 
(fancyhdr)                Make it at least 14.49998pt, for example:
(fancyhdr)                \setlength{\headheight}{14.49998pt}.
(fancyhdr)                You might also make \topmargin smaller:
(fancyhdr)                \addtolength{\topmargin}{-2.49998pt}.

[137]

Package fancyhdr Warning: \headheight is too small (12.0pt): 
(fancyhdr)                Make it at least 14.49998pt, for example:
(fancyhdr)                \setlength{\headheight}{14.49998pt}.
(fancyhdr)                You might also make \topmargin smaller:
(fancyhdr)                \addtolength{\topmargin}{-2.49998pt}.

[138])

Package fancyhdr Warning: \headheight is too small (12.0pt): 
(fancyhdr)                Make it at least 14.49998pt, for example:
(fancyhdr)                \setlength{\headheight}{14.49998pt}.
(fancyhdr)                You might also make \topmargin smaller:
(fancyhdr)                \addtolength{\topmargin}{-2.49998pt}.

[139])

Package fancyhdr Warning: \headheight is too small (12.0pt): 
(fancyhdr)                Make it at least 14.49998pt, for example:
(fancyhdr)                \setlength{\headheight}{14.49998pt}.
(fancyhdr)                You might also make \topmargin smaller:
(fancyhdr)                \addtolength{\topmargin}{-2.49998pt}.

[140] [141


]
\openout2 = `chapters/chapter4.aux'.

 (chapters/chapter4.tex
Chapter 4.
(chapters/Chapter4/Routing Model Res.tex
Underfull \vbox (badness 10000) has occurred while \output is active []

 [142


]
Underfull \vbox (badness 10000) has occurred while \output is active []



Package fancyhdr Warning: \headheight is too small (12.0pt): 
(fancyhdr)                Make it at least 14.49998pt, for example:
(fancyhdr)                \setlength{\headheight}{14.49998pt}.
(fancyhdr)                You might also make \topmargin smaller:
(fancyhdr)                \addtolength{\topmargin}{-2.49998pt}.

[143]
Overfull \hbox (4.65923pt too wide) in paragraph at lines 52--65
 [][] 
 []

<assets/dataset_dist_rm.png, id=1880, 403.2666pt x 284.0211pt>
File: assets/dataset_dist_rm.png Graphic file (type png)
<use assets/dataset_dist_rm.png>
Package pdftex.def Info: assets/dataset_dist_rm.png  used on input line 74.
(pdftex.def)             Requested size: 208.36827pt x 146.7557pt.

Package fancyhdr Warning: \headheight is too small (12.0pt): 
(fancyhdr)                Make it at least 14.49998pt, for example:
(fancyhdr)                \setlength{\headheight}{14.49998pt}.
(fancyhdr)                You might also make \topmargin smaller:
(fancyhdr)                \addtolength{\topmargin}{-2.49998pt}.

[144 <./assets/dataset_dist_rm.png>]

Package fancyhdr Warning: \headheight is too small (12.0pt): 
(fancyhdr)                Make it at least 14.49998pt, for example:
(fancyhdr)                \setlength{\headheight}{14.49998pt}.
(fancyhdr)                You might also make \topmargin smaller:
(fancyhdr)                \addtolength{\topmargin}{-2.49998pt}.

[145]
Overfull \hbox (12.04842pt too wide) in paragraph at lines 150--151
[]\T1/lmr/m/n/12 (-20) The re-sults demon-strate the su-pe-ri-or-ity of DenseNe
t121 for the rout-ing task. DenseNet121
 []

<assets/models_acc_rm.png, id=1893, 484.9317pt x 270.2898pt>
File: assets/models_acc_rm.png Graphic file (type png)
<use assets/models_acc_rm.png>
Package pdftex.def Info: assets/models_acc_rm.png  used on input line 156.
(pdftex.def)             Requested size: 452.9679pt x 252.48459pt.

Package fancyhdr Warning: \headheight is too small (12.0pt): 
(fancyhdr)                Make it at least 14.49998pt, for example:
(fancyhdr)                \setlength{\headheight}{14.49998pt}.
(fancyhdr)                You might also make \topmargin smaller:
(fancyhdr)                \addtolength{\topmargin}{-2.49998pt}.

[146 <./assets/models_acc_rm.png>]
<assets/curve_customcnn.png, id=1900, 721.9773pt x 270.2898pt>
File: assets/curve_customcnn.png Graphic file (type png)
<use assets/curve_customcnn.png>
Package pdftex.def Info: assets/curve_customcnn.png  used on input line 179.
(pdftex.def)             Requested size: 336.78456pt x 126.08351pt.
<assets/curve_resnet.png, id=1901, 728.4816pt x 270.2898pt>
File: assets/curve_resnet.png Graphic file (type png)
<use assets/curve_resnet.png>
Package pdftex.def Info: assets/curve_resnet.png  used on input line 195.
(pdftex.def)             Requested size: 339.81866pt x 126.08351pt.
<assets/curve_efficient.png, id=1902, 721.9773pt x 270.2898pt>
File: assets/curve_efficient.png Graphic file (type png)
<use assets/curve_efficient.png>
Package pdftex.def Info: assets/curve_efficient.png  used on input line 211.
(pdftex.def)             Requested size: 336.78456pt x 126.08351pt.
<assets/curve_densenet.png, id=1903, 728.4816pt x 270.2898pt>
File: assets/curve_densenet.png Graphic file (type png)
<use assets/curve_densenet.png>
Package pdftex.def Info: assets/curve_densenet.png  used on input line 227.
(pdftex.def)             Requested size: 339.81866pt x 126.08351pt.


LaTeX Warning: Reference `fig:routing_confusion_matrices' on page 147 undefined
 on input line 244.

<assets/customcnn_cm_rm.png, id=1904, 326.6604pt x 284.0211pt>
File: assets/customcnn_cm_rm.png Graphic file (type png)
<use assets/customcnn_cm_rm.png>
Package pdftex.def Info: assets/customcnn_cm_rm.png  used on input line 256.
(pdftex.def)             Requested size: 217.42082pt x 189.04066pt.
<assets/resnet50_cm_rm.png, id=1905, 326.6604pt x 284.0211pt>
File: assets/resnet50_cm_rm.png Graphic file (type png)
<use assets/resnet50_cm_rm.png>
Package pdftex.def Info: assets/resnet50_cm_rm.png  used on input line 266.
(pdftex.def)             Requested size: 217.42082pt x 189.04066pt.
<assets/efficient_cm_rm.png, id=1906, 326.6604pt x 284.0211pt>
File: assets/efficient_cm_rm.png Graphic file (type png)
<use assets/efficient_cm_rm.png>
Package pdftex.def Info: assets/efficient_cm_rm.png  used on input line 279.
(pdftex.def)             Requested size: 217.42082pt x 189.04066pt.
<assets/densenet_cm_rm.png, id=1907, 326.6604pt x 284.0211pt>
File: assets/densenet_cm_rm.png Graphic file (type png)
<use assets/densenet_cm_rm.png>
Package pdftex.def Info: assets/densenet_cm_rm.png  used on input line 289.
(pdftex.def)             Requested size: 217.42082pt x 189.04066pt.
) (chapters/Chapter4/Lung Model Res.tex
Underfull \vbox (badness 10000) has occurred while \output is active []



Package fancyhdr Warning: \headheight is too small (12.0pt): 
(fancyhdr)                Make it at least 14.49998pt, for example:
(fancyhdr)                \setlength{\headheight}{14.49998pt}.
(fancyhdr)                You might also make \topmargin smaller:
(fancyhdr)                \addtolength{\topmargin}{-2.49998pt}.

[147]

Package fancyhdr Warning: \headheight is too small (12.0pt): 
(fancyhdr)                Make it at least 14.49998pt, for example:
(fancyhdr)                \setlength{\headheight}{14.49998pt}.
(fancyhdr)                You might also make \topmargin smaller:
(fancyhdr)                \addtolength{\topmargin}{-2.49998pt}.

[148 <./assets/curve_customcnn.png> <./assets/curve_resnet.png> <./assets/curve
_efficient.png> <./assets/curve_densenet.png>]

Package fancyhdr Warning: \headheight is too small (12.0pt): 
(fancyhdr)                Make it at least 14.49998pt, for example:
(fancyhdr)                \setlength{\headheight}{14.49998pt}.
(fancyhdr)                You might also make \topmargin smaller:
(fancyhdr)                \addtolength{\topmargin}{-2.49998pt}.

[149 <./assets/customcnn_cm_rm.png> <./assets/resnet50_cm_rm.png> <./assets/eff
icient_cm_rm.png> <./assets/densenet_cm_rm.png>]
Overfull \hbox (1.68695pt too wide) in paragraph at lines 18--26
 [][] 
 []


Package fancyhdr Warning: \headheight is too small (12.0pt): 
(fancyhdr)                Make it at least 14.49998pt, for example:
(fancyhdr)                \setlength{\headheight}{14.49998pt}.
(fancyhdr)                You might also make \topmargin smaller:
(fancyhdr)                \addtolength{\topmargin}{-2.49998pt}.

[150]
<assets/LC_Res_1.png, id=1934, 283.0575pt x 258.9675pt>
File: assets/LC_Res_1.png Graphic file (type png)
<use assets/LC_Res_1.png>
Package pdftex.def Info: assets/LC_Res_1.png  used on input line 32.
(pdftex.def)             Requested size: 317.07614pt x 290.11667pt.
<assets/LC_Res_2.png, id=1935, 360.693pt x 240.462pt>
File: assets/LC_Res_2.png Graphic file (type png)
<use assets/LC_Res_2.png>
Package pdftex.def Info: assets/LC_Res_2.png  used on input line 39.
(pdftex.def)             Requested size: 317.07614pt x 211.38339pt.

Overfull \hbox (18.27325pt too wide) in paragraph at lines 51--59
 [][] 
 []


Package fancyhdr Warning: \headheight is too small (12.0pt): 
(fancyhdr)                Make it at least 14.49998pt, for example:
(fancyhdr)                \setlength{\headheight}{14.49998pt}.
(fancyhdr)                You might also make \topmargin smaller:
(fancyhdr)                \addtolength{\topmargin}{-2.49998pt}.

[151 <./assets/LC_Res_1.png>]

Package fancyhdr Warning: \headheight is too small (12.0pt): 
(fancyhdr)                Make it at least 14.49998pt, for example:
(fancyhdr)                \setlength{\headheight}{14.49998pt}.
(fancyhdr)                You might also make \topmargin smaller:
(fancyhdr)                \addtolength{\topmargin}{-2.49998pt}.

[152 <./assets/LC_Res_2.png>]))

Package fancyhdr Warning: \headheight is too small (12.0pt): 
(fancyhdr)                Make it at least 14.49998pt, for example:
(fancyhdr)                \setlength{\headheight}{14.49998pt}.
(fancyhdr)                You might also make \topmargin smaller:
(fancyhdr)                \addtolength{\topmargin}{-2.49998pt}.

[153] [154


]
\openout2 = `chapters/chapter5.aux'.

 (chapters/chapter5.tex
Chapter 5.

Underfull \vbox (badness 10000) has occurred while \output is active []

 [155


]
Underfull \vbox (badness 10000) has occurred while \output is active []



Package fancyhdr Warning: \headheight is too small (12.0pt): 
(fancyhdr)                Make it at least 14.49998pt, for example:
(fancyhdr)                \setlength{\headheight}{14.49998pt}.
(fancyhdr)                You might also make \topmargin smaller:
(fancyhdr)                \addtolength{\topmargin}{-2.49998pt}.

[156]
Underfull \vbox (badness 10000) has occurred while \output is active []



Package fancyhdr Warning: \headheight is too small (12.0pt): 
(fancyhdr)                Make it at least 14.49998pt, for example:
(fancyhdr)                \setlength{\headheight}{14.49998pt}.
(fancyhdr)                You might also make \topmargin smaller:
(fancyhdr)                \addtolength{\topmargin}{-2.49998pt}.

[157]
Underfull \vbox (badness 10000) has occurred while \output is active []



Package fancyhdr Warning: \headheight is too small (12.0pt): 
(fancyhdr)                Make it at least 14.49998pt, for example:
(fancyhdr)                \setlength{\headheight}{14.49998pt}.
(fancyhdr)                You might also make \topmargin smaller:
(fancyhdr)                \addtolength{\topmargin}{-2.49998pt}.

[158]
Underfull \vbox (badness 10000) has occurred while \output is active []



Package fancyhdr Warning: \headheight is too small (12.0pt): 
(fancyhdr)                Make it at least 14.49998pt, for example:
(fancyhdr)                \setlength{\headheight}{14.49998pt}.
(fancyhdr)                You might also make \topmargin smaller:
(fancyhdr)                \addtolength{\topmargin}{-2.49998pt}.

[159]
Underfull \vbox (badness 10000) has occurred while \output is active []



Package fancyhdr Warning: \headheight is too small (12.0pt): 
(fancyhdr)                Make it at least 14.49998pt, for example:
(fancyhdr)                \setlength{\headheight}{14.49998pt}.
(fancyhdr)                You might also make \topmargin smaller:
(fancyhdr)                \addtolength{\topmargin}{-2.49998pt}.

[160]
Underfull \vbox (badness 10000) has occurred while \output is active []



Package fancyhdr Warning: \headheight is too small (12.0pt): 
(fancyhdr)                Make it at least 14.49998pt, for example:
(fancyhdr)                \setlength{\headheight}{14.49998pt}.
(fancyhdr)                You might also make \topmargin smaller:
(fancyhdr)                \addtolength{\topmargin}{-2.49998pt}.

[161]
Underfull \vbox (badness 10000) has occurred while \output is active []



Package fancyhdr Warning: \headheight is too small (12.0pt): 
(fancyhdr)                Make it at least 14.49998pt, for example:
(fancyhdr)                \setlength{\headheight}{14.49998pt}.
(fancyhdr)                You might also make \topmargin smaller:
(fancyhdr)                \addtolength{\topmargin}{-2.49998pt}.

[162])

Package fancyhdr Warning: \headheight is too small (12.0pt): 
(fancyhdr)                Make it at least 14.49998pt, for example:
(fancyhdr)                \setlength{\headheight}{14.49998pt}.
(fancyhdr)                You might also make \topmargin smaller:
(fancyhdr)                \addtolength{\topmargin}{-2.49998pt}.

[163]
Package microtype Info: Character `029' is missing
(microtype)             in font `T1/lmr/m/sc/12'.
(microtype)             Ignoring protrusion settings for this character.
 [164



]

Package fancyhdr Warning: \headheight is too small (12.0pt): 
(fancyhdr)                Make it at least 14.49998pt, for example:
(fancyhdr)                \setlength{\headheight}{14.49998pt}.
(fancyhdr)                You might also make \topmargin smaller:
(fancyhdr)                \addtolength{\topmargin}{-2.49998pt}.

[165]

Package fancyhdr Warning: \headheight is too small (12.0pt): 
(fancyhdr)                Make it at least 14.49998pt, for example:
(fancyhdr)                \setlength{\headheight}{14.49998pt}.
(fancyhdr)                You might also make \topmargin smaller:
(fancyhdr)                \addtolength{\topmargin}{-2.49998pt}.

[166]

Package fancyhdr Warning: \headheight is too small (12.0pt): 
(fancyhdr)                Make it at least 14.49998pt, for example:
(fancyhdr)                \setlength{\headheight}{14.49998pt}.
(fancyhdr)                You might also make \topmargin smaller:
(fancyhdr)                \addtolength{\topmargin}{-2.49998pt}.

[167] (Thesis_book.aux (chapters/chapter1.aux) (chapters/chapter2.aux)
(chapters/chapter3.aux) (chapters/chapter4.aux) (chapters/chapter5.aux))
 ***********
LaTeX2e <2023-11-01> patch level 1
L3 programming layer <2024-01-04>
 ***********


LaTeX Warning: There were undefined references.

Package rerunfilecheck Info: File `Thesis_book.out' has not changed.
(rerunfilecheck)             Checksum: A0108B61BDA45366200EE823917884BB;22122.
Package logreq Info: Writing requests to 'Thesis_book.run.xml'.
\openout1 = `Thesis_book.run.xml'.

 ) 
Here is how much of TeX's memory you used:
 40916 strings out of 474486
 832794 string characters out of 5744226
 2032542 words of memory out of 5000000
 61530 multiletter control sequences out of 15000+600000
 736089 words of font info for 348 fonts, out of 8000000 for 9000
 1141 hyphenation exceptions out of 8191
 93i,16n,95p,1910b,2071s stack positions out of 10000i,1000n,20000p,200000b,200000s
<C:/Users/Zyad/AppData/Local/Programs/MiKTeX/fonts/type1/public/lm/lmbx12.pfb
><C:/Users/Zyad/AppData/Local/Programs/MiKTeX/fonts/type1/public/lm/lmbx8.pfb><
C:/Users/Zyad/AppData/Local/Programs/MiKTeX/fonts/type1/public/lm/lmcsc10.pfb><
C:/Users/Zyad/AppData/Local/Programs/MiKTeX/fonts/type1/public/lm/lmex10.pfb><C
:/Users/Zyad/AppData/Local/Programs/MiKTeX/fonts/type1/public/lm/lmmi12.pfb><C:
/Users/Zyad/AppData/Local/Programs/MiKTeX/fonts/type1/public/lm/lmmi6.pfb><C:/U
sers/Zyad/AppData/Local/Programs/MiKTeX/fonts/type1/public/lm/lmmi8.pfb><C:/Use
rs/Zyad/AppData/Local/Programs/MiKTeX/fonts/type1/public/lm/lmr10.pfb><C:/Users
/Zyad/AppData/Local/Programs/MiKTeX/fonts/type1/public/lm/lmr12.pfb><C:/Users/Z
yad/AppData/Local/Programs/MiKTeX/fonts/type1/public/lm/lmr6.pfb><C:/Users/Zyad
/AppData/Local/Programs/MiKTeX/fonts/type1/public/lm/lmr8.pfb><C:/Users/Zyad/Ap
pData/Local/Programs/MiKTeX/fonts/type1/public/lm/lmri12.pfb><C:/Users/Zyad/App
Data/Local/Programs/MiKTeX/fonts/type1/public/lm/lmss10.pfb><C:/Users/Zyad/AppD
ata/Local/Programs/MiKTeX/fonts/type1/public/lm/lmss12.pfb><C:/Users/Zyad/AppDa
ta/Local/Programs/MiKTeX/fonts/type1/public/lm/lmssbx10.pfb><C:/Users/Zyad/AppD
ata/Local/Programs/MiKTeX/fonts/type1/public/lm/lmsy10.pfb><C:/Users/Zyad/AppDa
ta/Local/Programs/MiKTeX/fonts/type1/public/lm/lmsy8.pfb><C:/Users/Zyad/AppData
/Local/Programs/MiKTeX/fonts/type1/public/lm/lmtt12.pfb><C:/Users/Zyad/AppData/
Local/Programs/MiKTeX/fonts/type1/public/amsfonts/symbols/msbm10.pfb><C:/Users/
Zyad/AppData/Local/Programs/MiKTeX/fonts/type1/public/tex-gyre/qplr.pfb>
Output written on Thesis_book.pdf (180 pages, 9361119 bytes).
PDF statistics:
 2279 PDF objects out of 2487 (max. 8388607)
 565 named destinations out of 1000 (max. 500000)
 111336 words of extra memory for PDF output out of 128383 (max. 10000000)

